[{"DocumentKeywordVectors":[{"TotalDocumentLength":1729,"PageCount":1,"FirstPageVector":{"VectorId":"NoGroup.NoCategory.Invoice_1.FirstPage","DocumentCount":3,"TermsWithScores":[{"Score":2.23,"Term":"invoice","LastUpdated":"2024-03-14T14:06:10.0719336+03:00"},{"Score":1.25,"Term":"fee","LastUpdated":"2024-03-14T14:06:10.0718815+03:00"},{"Score":1.2,"Term":"invoiced","LastUpdated":"2024-03-14T14:06:10.0719506+03:00"},{"Score":1.15,"Term":"company","LastUpdated":"2024-03-14T14:06:10.0719592+03:00"},{"Score":1.11,"Term":"robotic","LastUpdated":"2024-03-14T14:06:10.0718907+03:00"},{"Score":1.09,"Term":"automations","LastUpdated":"2024-03-14T14:06:10.0718482+03:00"},{"Score":1.04,"Term":"hosting","LastUpdated":"2024-03-14T14:06:10.0719076+03:00"},{"Score":1.04,"Term":"maple","LastUpdated":"2024-03-14T14:06:10.0719249+03:00"},{"Score":1.03,"Term":"court","LastUpdated":"2024-03-14T14:06:10.071877+03:00"},{"Score":1.02,"Term":"total","LastUpdated":"2024-03-14T14:06:10.0718993+03:00"},{"Score":1.01,"Term":"california","LastUpdated":"2024-03-14T14:06:10.0718521+03:00"},{"Score":0.95,"Term":"usa","LastUpdated":"2024-03-14T14:06:10.071895+03:00"},{"Score":0.93,"Term":"description","LastUpdated":"2024-03-14T14:06:10.0719032+03:00"},{"Score":0.92,"Term":"usd","LastUpdated":"2024-03-14T14:06:10.0719119+03:00"},{"Score":0.89,"Term":"starter","LastUpdated":"2024-03-14T14:06:10.0718381+03:00"},{"Score":0.89,"Term":"united","LastUpdated":"2024-03-14T14:06:10.0719161+03:00"},{"Score":0.87,"Term":"shared","LastUpdated":"2024-03-14T14:06:10.0718563+03:00"},{"Score":0.87,"Term":"kingdom","LastUpdated":"2024-03-14T14:06:10.0719205+03:00"},{"Score":0.74,"Term":"february","LastUpdated":"2024-03-14T14:06:03.9375534+03:00"},{"Score":0.73,"Term":"location","LastUpdated":"2024-03-14T14:06:10.0718863+03:00"},{"Score":0.72,"Term":"tzeng","LastUpdated":"2024-03-14T14:06:03.9375589+03:00"},{"Score":0.72,"Term":"tony","LastUpdated":"2024-03-14T14:06:03.9375635+03:00"},{"Score":0.71,"Term":"mango","LastUpdated":"2024-03-14T14:06:03.9375603+03:00"},{"Score":0.7,"Term":"seattle","LastUpdated":"2024-03-14T14:06:03.9375694+03:00"},{"Score":0.7,"Term":"lane","LastUpdated":"2024-03-14T14:06:03.9375706+03:00"},{"Score":0.69,"Term":"wa","LastUpdated":"2024-03-14T14:06:03.9375631+03:00"},{"Score":0.64,"Term":"late","LastUpdated":"2024-03-14T14:06:10.071938+03:00"},{"Score":0.63,"Term":"ave","LastUpdated":"2024-03-14T14:06:03.9375643+03:00"},{"Score":0.63,"Term":"almaden","LastUpdated":"2024-03-14T14:06:03.9375698+03:00"},{"Score":0.62,"Term":"suite","LastUpdated":"2024-03-14T14:06:03.9375582+03:00"},{"Score":0.61,"Term":"san","LastUpdated":"2024-03-14T14:06:03.9375559+03:00"},{"Score":0.61,"Term":"jose","LastUpdated":"2024-03-14T14:06:03.9375659+03:00"},{"Score":0.57,"Term":"storage","LastUpdated":"2024-03-14T14:06:03.9375663+03:00"},{"Score":0.56,"Term":"thiswebhost","LastUpdated":"2024-03-14T14:06:10.071942+03:00"},{"Score":0.51,"Term":"po","LastUpdated":"2024-03-14T14:06:03.9375573+03:00"},{"Score":0.5,"Term":"bath","LastUpdated":"2024-03-14T14:06:10.0719292+03:00"},{"Score":0.5,"Term":"road","LastUpdated":"2024-03-14T14:06:10.0719548+03:00"},{"Score":0.48,"Term":"slough","LastUpdated":"2024-03-14T14:06:10.0719462+03:00"},{"Score":0.47,"Term":"details","LastUpdated":"2024-03-14T14:06:03.9375565+03:00"},{"Score":0.46,"Term":"berkshire","LastUpdated":"2024-03-14T14:06:10.0718648+03:00"},{"Score":0.45,"Term":"tax","LastUpdated":"2024-03-14T14:06:03.937555+03:00"},{"Score":0.44,"Term":"packing","LastUpdated":"2024-03-14T14:06:03.9375687+03:00"},{"Score":0.43,"Term":"services","LastUpdated":"2024-03-14T14:06:03.9375569+03:00"},{"Score":0.39,"Term":"fees","LastUpdated":"2024-03-14T14:06:03.937569+03:00"},{"Score":0.36,"Term":"house","LastUpdated":"2024-03-14T14:06:03.9375546+03:00"},{"Score":0.32,"Term":"vehicle","LastUpdated":"2024-03-14T14:06:03.9375648+03:00"},{"Score":0.3,"Term":"transport","LastUpdated":"2024-03-14T14:06:03.9375577+03:00"},{"Score":0.28,"Term":"sales","LastUpdated":"2024-03-14T14:06:03.9375585+03:00"},{"Score":0.23,"Term":"including","LastUpdated":"2024-03-14T14:06:03.9375593+03:00"},{"Score":0.21,"Term":"credit","LastUpdated":"2024-03-14T14:06:10.0718689+03:00"},{"Score":0.2,"Term":"payable","LastUpdated":"2024-03-14T14:06:03.9375681+03:00"},{"Score":0.19,"Term":"days","LastUpdated":"2024-03-14T14:06:03.9375606+03:00"},{"Score":0.18,"Term":"receipt","LastUpdated":"2024-03-14T14:06:03.9375677+03:00"},{"Score":0.17,"Term":"methods","LastUpdated":"2024-03-14T14:06:03.9375555+03:00"},{"Score":0.16,"Term":"payment","LastUpdated":"2024-03-14T14:06:03.9375702+03:00"},{"Score":0.15,"Term":"grand","LastUpdated":"2024-03-14T14:06:10.0718727+03:00"},{"Score":0.15,"Term":"check","LastUpdated":"2024-03-14T14:06:03.9375623+03:00"},{"Score":0.15,"Term":"personal","LastUpdated":"2024-03-14T14:06:03.9375667+03:00"},{"Score":0.13,"Term":"wire","LastUpdated":"2024-03-14T14:06:03.9375597+03:00"},{"Score":0.13,"Term":"llc","LastUpdated":"2024-03-14T14:06:03.9375651+03:00"},{"Score":0.12,"Term":"transfer","LastUpdated":"2024-03-14T14:06:03.9375617+03:00"},{"Score":0.11,"Term":"bigbank","LastUpdated":"2024-03-14T14:06:03.9375627+03:00"},{"Score":0.1,"Term":"account","LastUpdated":"2024-03-14T14:06:03.937567+03:00"},{"Score":0.08,"Term":"paid","LastUpdated":"2024-03-14T14:06:10.0718606+03:00"}]},"RestOfPagesVector":{"VectorId":"NoGroup.NoCategory.Invoice_1.RestOfPages","DocumentCount":3,"TermsWithScores":[]},"ParentVectorId":"NoGroup.NoCategory.Invoice","VectorId":"NoGroup.NoCategory.Invoice_1","DocumentCount":3,"TermsWithScores":[{"Score":2.23,"Term":"invoice","LastUpdated":"2024-03-14T14:06:10.0722117+03:00"},{"Score":1.25,"Term":"fee","LastUpdated":"2024-03-14T14:06:10.0721611+03:00"},{"Score":1.2,"Term":"invoiced","LastUpdated":"2024-03-14T14:06:10.0722272+03:00"},{"Score":1.15,"Term":"company","LastUpdated":"2024-03-14T14:06:10.0722419+03:00"},{"Score":1.11,"Term":"robotic","LastUpdated":"2024-03-14T14:06:10.0721698+03:00"},{"Score":1.09,"Term":"automations","LastUpdated":"2024-03-14T14:06:10.072127+03:00"},{"Score":1.04,"Term":"hosting","LastUpdated":"2024-03-14T14:06:10.0721864+03:00"},{"Score":1.04,"Term":"maple","LastUpdated":"2024-03-14T14:06:10.0722036+03:00"},{"Score":1.03,"Term":"court","LastUpdated":"2024-03-14T14:06:10.0721567+03:00"},{"Score":1.02,"Term":"total","LastUpdated":"2024-03-14T14:06:10.0721779+03:00"},{"Score":1.01,"Term":"california","LastUpdated":"2024-03-14T14:06:10.0721309+03:00"},{"Score":0.95,"Term":"usa","LastUpdated":"2024-03-14T14:06:10.0721738+03:00"},{"Score":0.93,"Term":"description","LastUpdated":"2024-03-14T14:06:10.0721821+03:00"},{"Score":0.92,"Term":"usd","LastUpdated":"2024-03-14T14:06:10.0721906+03:00"},{"Score":0.89,"Term":"starter","LastUpdated":"2024-03-14T14:06:10.072122+03:00"},{"Score":0.89,"Term":"united","LastUpdated":"2024-03-14T14:06:10.0721946+03:00"},{"Score":0.87,"Term":"shared","LastUpdated":"2024-03-14T14:06:10.072135+03:00"},{"Score":0.87,"Term":"kingdom","LastUpdated":"2024-03-14T14:06:10.072199+03:00"},{"Score":0.74,"Term":"february","LastUpdated":"2024-03-14T14:06:03.9380111+03:00"},{"Score":0.73,"Term":"location","LastUpdated":"2024-03-14T14:06:10.0721653+03:00"},{"Score":0.72,"Term":"tzeng","LastUpdated":"2024-03-14T14:06:03.938017+03:00"},{"Score":0.72,"Term":"tony","LastUpdated":"2024-03-14T14:06:03.9380212+03:00"},{"Score":0.71,"Term":"mango","LastUpdated":"2024-03-14T14:06:03.9380184+03:00"},{"Score":0.7,"Term":"seattle","LastUpdated":"2024-03-14T14:06:03.9380281+03:00"},{"Score":0.7,"Term":"lane","LastUpdated":"2024-03-14T14:06:03.9380301+03:00"},{"Score":0.69,"Term":"wa","LastUpdated":"2024-03-14T14:06:03.9380208+03:00"},{"Score":0.64,"Term":"late","LastUpdated":"2024-03-14T14:06:10.0722155+03:00"},{"Score":0.63,"Term":"ave","LastUpdated":"2024-03-14T14:06:03.9380221+03:00"},{"Score":0.63,"Term":"almaden","LastUpdated":"2024-03-14T14:06:03.9380285+03:00"},{"Score":0.62,"Term":"suite","LastUpdated":"2024-03-14T14:06:03.938016+03:00"},{"Score":0.61,"Term":"san","LastUpdated":"2024-03-14T14:06:03.9380134+03:00"},{"Score":0.61,"Term":"jose","LastUpdated":"2024-03-14T14:06:03.9380238+03:00"},{"Score":0.57,"Term":"storage","LastUpdated":"2024-03-14T14:06:03.9380243+03:00"},{"Score":0.56,"Term":"thiswebhost","LastUpdated":"2024-03-14T14:06:10.0722192+03:00"},{"Score":0.51,"Term":"po","LastUpdated":"2024-03-14T14:06:03.9380149+03:00"},{"Score":0.5,"Term":"bath","LastUpdated":"2024-03-14T14:06:10.0722075+03:00"},{"Score":0.5,"Term":"road","LastUpdated":"2024-03-14T14:06:10.0722374+03:00"},{"Score":0.48,"Term":"slough","LastUpdated":"2024-03-14T14:06:10.0722233+03:00"},{"Score":0.47,"Term":"details","LastUpdated":"2024-03-14T14:06:03.938014+03:00"},{"Score":0.46,"Term":"berkshire","LastUpdated":"2024-03-14T14:06:10.0721434+03:00"},{"Score":0.45,"Term":"tax","LastUpdated":"2024-03-14T14:06:03.9380125+03:00"},{"Score":0.44,"Term":"packing","LastUpdated":"2024-03-14T14:06:03.9380272+03:00"},{"Score":0.43,"Term":"services","LastUpdated":"2024-03-14T14:06:03.9380145+03:00"},{"Score":0.39,"Term":"fees","LastUpdated":"2024-03-14T14:06:03.9380276+03:00"},{"Score":0.36,"Term":"house","LastUpdated":"2024-03-14T14:06:03.9380119+03:00"},{"Score":0.32,"Term":"vehicle","LastUpdated":"2024-03-14T14:06:03.9380225+03:00"},{"Score":0.3,"Term":"transport","LastUpdated":"2024-03-14T14:06:03.9380155+03:00"},{"Score":0.28,"Term":"sales","LastUpdated":"2024-03-14T14:06:03.9380165+03:00"},{"Score":0.23,"Term":"including","LastUpdated":"2024-03-14T14:06:03.9380174+03:00"},{"Score":0.21,"Term":"credit","LastUpdated":"2024-03-14T14:06:10.0721476+03:00"},{"Score":0.2,"Term":"payable","LastUpdated":"2024-03-14T14:06:03.9380266+03:00"},{"Score":0.19,"Term":"days","LastUpdated":"2024-03-14T14:06:03.9380189+03:00"},{"Score":0.18,"Term":"receipt","LastUpdated":"2024-03-14T14:06:03.9380262+03:00"},{"Score":0.17,"Term":"methods","LastUpdated":"2024-03-14T14:06:03.938013+03:00"},{"Score":0.16,"Term":"payment","LastUpdated":"2024-03-14T14:06:03.938029+03:00"},{"Score":0.15,"Term":"grand","LastUpdated":"2024-03-14T14:06:10.0721521+03:00"},{"Score":0.15,"Term":"check","LastUpdated":"2024-03-14T14:06:03.9380199+03:00"},{"Score":0.15,"Term":"personal","LastUpdated":"2024-03-14T14:06:03.9380248+03:00"},{"Score":0.13,"Term":"wire","LastUpdated":"2024-03-14T14:06:03.9380179+03:00"},{"Score":0.13,"Term":"llc","LastUpdated":"2024-03-14T14:06:03.9380229+03:00"},{"Score":0.12,"Term":"transfer","LastUpdated":"2024-03-14T14:06:03.9380194+03:00"},{"Score":0.11,"Term":"bigbank","LastUpdated":"2024-03-14T14:06:03.9380203+03:00"},{"Score":0.1,"Term":"account","LastUpdated":"2024-03-14T14:06:03.9380253+03:00"},{"Score":0.08,"Term":"paid","LastUpdated":"2024-03-14T14:06:10.0721391+03:00"}]}],"TotalDocumentLength":1729,"PageCount":1,"FirstPageVector":{"VectorId":"NoGroup.NoCategory.Invoice.FirstPage","DocumentCount":3,"TermsWithScores":[{"Score":2.23,"Term":"invoice","LastUpdated":"2024-03-14T14:06:10.0710234+03:00"},{"Score":1.25,"Term":"fee","LastUpdated":"2024-03-14T14:06:10.0709831+03:00"},{"Score":1.2,"Term":"invoiced","LastUpdated":"2024-03-14T14:06:10.071036+03:00"},{"Score":1.15,"Term":"company","LastUpdated":"2024-03-14T14:06:10.0710461+03:00"},{"Score":1.11,"Term":"robotic","LastUpdated":"2024-03-14T14:06:10.0709902+03:00"},{"Score":1.09,"Term":"automations","LastUpdated":"2024-03-14T14:06:10.0709556+03:00"},{"Score":1.04,"Term":"hosting","LastUpdated":"2024-03-14T14:06:10.0710031+03:00"},{"Score":1.04,"Term":"maple","LastUpdated":"2024-03-14T14:06:10.071017+03:00"},{"Score":1.03,"Term":"court","LastUpdated":"2024-03-14T14:06:10.0709798+03:00"},{"Score":1.02,"Term":"total","LastUpdated":"2024-03-14T14:06:10.0709965+03:00"},{"Score":1.01,"Term":"california","LastUpdated":"2024-03-14T14:06:10.0709589+03:00"},{"Score":0.95,"Term":"usa","LastUpdated":"2024-03-14T14:06:10.0709932+03:00"},{"Score":0.93,"Term":"description","LastUpdated":"2024-03-14T14:06:10.0709995+03:00"},{"Score":0.92,"Term":"usd","LastUpdated":"2024-03-14T14:06:10.0710066+03:00"},{"Score":0.89,"Term":"starter","LastUpdated":"2024-03-14T14:06:10.0709494+03:00"},{"Score":0.89,"Term":"united","LastUpdated":"2024-03-14T14:06:10.0710101+03:00"},{"Score":0.87,"Term":"shared","LastUpdated":"2024-03-14T14:06:10.0709622+03:00"},{"Score":0.87,"Term":"kingdom","LastUpdated":"2024-03-14T14:06:10.0710136+03:00"},{"Score":0.74,"Term":"february","LastUpdated":"2024-03-14T14:06:03.9175891+03:00"},{"Score":0.73,"Term":"location","LastUpdated":"2024-03-14T14:06:10.0709866+03:00"},{"Score":0.72,"Term":"tzeng","LastUpdated":"2024-03-14T14:06:03.9178197+03:00"},{"Score":0.72,"Term":"tony","LastUpdated":"2024-03-14T14:06:03.9178278+03:00"},{"Score":0.71,"Term":"mango","LastUpdated":"2024-03-14T14:06:03.9178225+03:00"},{"Score":0.7,"Term":"seattle","LastUpdated":"2024-03-14T14:06:03.9178432+03:00"},{"Score":0.7,"Term":"lane","LastUpdated":"2024-03-14T14:06:03.9178455+03:00"},{"Score":0.69,"Term":"wa","LastUpdated":"2024-03-14T14:06:03.9178268+03:00"},{"Score":0.64,"Term":"late","LastUpdated":"2024-03-14T14:06:10.0710266+03:00"},{"Score":0.63,"Term":"ave","LastUpdated":"2024-03-14T14:06:03.9178293+03:00"},{"Score":0.63,"Term":"almaden","LastUpdated":"2024-03-14T14:06:03.9178439+03:00"},{"Score":0.62,"Term":"suite","LastUpdated":"2024-03-14T14:06:03.9178178+03:00"},{"Score":0.61,"Term":"san","LastUpdated":"2024-03-14T14:06:03.9178112+03:00"},{"Score":0.61,"Term":"jose","LastUpdated":"2024-03-14T14:06:03.917833+03:00"},{"Score":0.57,"Term":"storage","LastUpdated":"2024-03-14T14:06:03.9178338+03:00"},{"Score":0.56,"Term":"thiswebhost","LastUpdated":"2024-03-14T14:06:10.0710298+03:00"},{"Score":0.51,"Term":"po","LastUpdated":"2024-03-14T14:06:03.9178154+03:00"},{"Score":0.5,"Term":"bath","LastUpdated":"2024-03-14T14:06:10.07102+03:00"},{"Score":0.5,"Term":"road","LastUpdated":"2024-03-14T14:06:10.0710393+03:00"},{"Score":0.48,"Term":"slough","LastUpdated":"2024-03-14T14:06:10.0710329+03:00"},{"Score":0.47,"Term":"details","LastUpdated":"2024-03-14T14:06:03.917813+03:00"},{"Score":0.46,"Term":"berkshire","LastUpdated":"2024-03-14T14:06:10.07097+03:00"},{"Score":0.45,"Term":"tax","LastUpdated":"2024-03-14T14:06:03.9178093+03:00"},{"Score":0.44,"Term":"packing","LastUpdated":"2024-03-14T14:06:03.9178414+03:00"},{"Score":0.43,"Term":"services","LastUpdated":"2024-03-14T14:06:03.9178141+03:00"},{"Score":0.39,"Term":"fees","LastUpdated":"2024-03-14T14:06:03.9178422+03:00"},{"Score":0.36,"Term":"house","LastUpdated":"2024-03-14T14:06:03.9178069+03:00"},{"Score":0.32,"Term":"vehicle","LastUpdated":"2024-03-14T14:06:03.9178306+03:00"},{"Score":0.3,"Term":"transport","LastUpdated":"2024-03-14T14:06:03.9178166+03:00"},{"Score":0.28,"Term":"sales","LastUpdated":"2024-03-14T14:06:03.9178188+03:00"},{"Score":0.23,"Term":"including","LastUpdated":"2024-03-14T14:06:03.9178206+03:00"},{"Score":0.21,"Term":"credit","LastUpdated":"2024-03-14T14:06:10.0709729+03:00"},{"Score":0.2,"Term":"payable","LastUpdated":"2024-03-14T14:06:03.917838+03:00"},{"Score":0.19,"Term":"days","LastUpdated":"2024-03-14T14:06:03.9178232+03:00"},{"Score":0.18,"Term":"receipt","LastUpdated":"2024-03-14T14:06:03.9178374+03:00"},{"Score":0.17,"Term":"methods","LastUpdated":"2024-03-14T14:06:03.9178103+03:00"},{"Score":0.16,"Term":"payment","LastUpdated":"2024-03-14T14:06:03.9178447+03:00"},{"Score":0.15,"Term":"grand","LastUpdated":"2024-03-14T14:06:10.0709763+03:00"},{"Score":0.15,"Term":"check","LastUpdated":"2024-03-14T14:06:03.9178254+03:00"},{"Score":0.15,"Term":"personal","LastUpdated":"2024-03-14T14:06:03.9178348+03:00"},{"Score":0.13,"Term":"wire","LastUpdated":"2024-03-14T14:06:03.9178214+03:00"},{"Score":0.13,"Term":"llc","LastUpdated":"2024-03-14T14:06:03.9178314+03:00"},{"Score":0.12,"Term":"transfer","LastUpdated":"2024-03-14T14:06:03.9178244+03:00"},{"Score":0.11,"Term":"bigbank","LastUpdated":"2024-03-14T14:06:03.9178261+03:00"},{"Score":0.1,"Term":"account","LastUpdated":"2024-03-14T14:06:03.9178357+03:00"},{"Score":0.08,"Term":"paid","LastUpdated":"2024-03-14T14:06:10.0709659+03:00"}]},"RestOfPagesVector":{"VectorId":"NoGroup.NoCategory.Invoice.RestOfPages","DocumentCount":3,"TermsWithScores":[]},"ParentVectorId":null,"VectorId":"NoGroup.NoCategory.Invoice","DocumentCount":3,"TermsWithScores":[{"Score":2.23,"Term":"invoice","LastUpdated":"2024-03-14T14:06:10.0716897+03:00"},{"Score":1.25,"Term":"fee","LastUpdated":"2024-03-14T14:06:10.0716383+03:00"},{"Score":1.2,"Term":"invoiced","LastUpdated":"2024-03-14T14:06:10.0717066+03:00"},{"Score":1.15,"Term":"company","LastUpdated":"2024-03-14T14:06:10.0717152+03:00"},{"Score":1.11,"Term":"robotic","LastUpdated":"2024-03-14T14:06:10.0716469+03:00"},{"Score":1.09,"Term":"automations","LastUpdated":"2024-03-14T14:06:10.0716025+03:00"},{"Score":1.04,"Term":"hosting","LastUpdated":"2024-03-14T14:06:10.0716641+03:00"},{"Score":1.04,"Term":"maple","LastUpdated":"2024-03-14T14:06:10.0716811+03:00"},{"Score":1.03,"Term":"court","LastUpdated":"2024-03-14T14:06:10.0716338+03:00"},{"Score":1.02,"Term":"total","LastUpdated":"2024-03-14T14:06:10.0716554+03:00"},{"Score":1.01,"Term":"california","LastUpdated":"2024-03-14T14:06:10.0716082+03:00"},{"Score":0.95,"Term":"usa","LastUpdated":"2024-03-14T14:06:10.0716512+03:00"},{"Score":0.93,"Term":"description","LastUpdated":"2024-03-14T14:06:10.0716595+03:00"},{"Score":0.92,"Term":"usd","LastUpdated":"2024-03-14T14:06:10.0716683+03:00"},{"Score":0.89,"Term":"starter","LastUpdated":"2024-03-14T14:06:10.0715946+03:00"},{"Score":0.89,"Term":"united","LastUpdated":"2024-03-14T14:06:10.0716725+03:00"},{"Score":0.87,"Term":"shared","LastUpdated":"2024-03-14T14:06:10.0716124+03:00"},{"Score":0.87,"Term":"kingdom","LastUpdated":"2024-03-14T14:06:10.0716768+03:00"},{"Score":0.74,"Term":"february","LastUpdated":"2024-03-14T14:06:03.9369723+03:00"},{"Score":0.73,"Term":"location","LastUpdated":"2024-03-14T14:06:10.0716423+03:00"},{"Score":0.72,"Term":"tzeng","LastUpdated":"2024-03-14T14:06:03.9369925+03:00"},{"Score":0.72,"Term":"tony","LastUpdated":"2024-03-14T14:06:03.9369959+03:00"},{"Score":0.71,"Term":"mango","LastUpdated":"2024-03-14T14:06:03.9369936+03:00"},{"Score":0.7,"Term":"seattle","LastUpdated":"2024-03-14T14:06:03.9370015+03:00"},{"Score":0.7,"Term":"lane","LastUpdated":"2024-03-14T14:06:03.9370026+03:00"},{"Score":0.69,"Term":"wa","LastUpdated":"2024-03-14T14:06:03.9369955+03:00"},{"Score":0.64,"Term":"late","LastUpdated":"2024-03-14T14:06:10.0716939+03:00"},{"Score":0.63,"Term":"ave","LastUpdated":"2024-03-14T14:06:03.9369966+03:00"},{"Score":0.63,"Term":"almaden","LastUpdated":"2024-03-14T14:06:03.9370018+03:00"},{"Score":0.62,"Term":"suite","LastUpdated":"2024-03-14T14:06:03.9369917+03:00"},{"Score":0.61,"Term":"san","LastUpdated":"2024-03-14T14:06:03.9369894+03:00"},{"Score":0.61,"Term":"jose","LastUpdated":"2024-03-14T14:06:03.936998+03:00"},{"Score":0.57,"Term":"storage","LastUpdated":"2024-03-14T14:06:03.9369984+03:00"},{"Score":0.56,"Term":"thiswebhost","LastUpdated":"2024-03-14T14:06:10.071698+03:00"},{"Score":0.51,"Term":"po","LastUpdated":"2024-03-14T14:06:03.9369908+03:00"},{"Score":0.5,"Term":"bath","LastUpdated":"2024-03-14T14:06:10.0716854+03:00"},{"Score":0.5,"Term":"road","LastUpdated":"2024-03-14T14:06:10.0717108+03:00"},{"Score":0.48,"Term":"slough","LastUpdated":"2024-03-14T14:06:10.0717022+03:00"},{"Score":0.47,"Term":"details","LastUpdated":"2024-03-14T14:06:03.93699+03:00"},{"Score":0.46,"Term":"berkshire","LastUpdated":"2024-03-14T14:06:10.0716209+03:00"},{"Score":0.45,"Term":"tax","LastUpdated":"2024-03-14T14:06:03.9369885+03:00"},{"Score":0.44,"Term":"packing","LastUpdated":"2024-03-14T14:06:03.9370007+03:00"},{"Score":0.43,"Term":"services","LastUpdated":"2024-03-14T14:06:03.9369904+03:00"},{"Score":0.39,"Term":"fees","LastUpdated":"2024-03-14T14:06:03.9370011+03:00"},{"Score":0.36,"Term":"house","LastUpdated":"2024-03-14T14:06:03.9369788+03:00"},{"Score":0.32,"Term":"vehicle","LastUpdated":"2024-03-14T14:06:03.936997+03:00"},{"Score":0.3,"Term":"transport","LastUpdated":"2024-03-14T14:06:03.9369912+03:00"},{"Score":0.28,"Term":"sales","LastUpdated":"2024-03-14T14:06:03.9369921+03:00"},{"Score":0.23,"Term":"including","LastUpdated":"2024-03-14T14:06:03.9369929+03:00"},{"Score":0.21,"Term":"credit","LastUpdated":"2024-03-14T14:06:10.0716249+03:00"},{"Score":0.2,"Term":"payable","LastUpdated":"2024-03-14T14:06:03.9370002+03:00"},{"Score":0.19,"Term":"days","LastUpdated":"2024-03-14T14:06:03.936994+03:00"},{"Score":0.18,"Term":"receipt","LastUpdated":"2024-03-14T14:06:03.9369999+03:00"},{"Score":0.17,"Term":"methods","LastUpdated":"2024-03-14T14:06:03.936989+03:00"},{"Score":0.16,"Term":"payment","LastUpdated":"2024-03-14T14:06:03.9370023+03:00"},{"Score":0.15,"Term":"grand","LastUpdated":"2024-03-14T14:06:10.0716294+03:00"},{"Score":0.15,"Term":"check","LastUpdated":"2024-03-14T14:06:03.9369948+03:00"},{"Score":0.15,"Term":"personal","LastUpdated":"2024-03-14T14:06:03.9369988+03:00"},{"Score":0.13,"Term":"wire","LastUpdated":"2024-03-14T14:06:03.9369932+03:00"},{"Score":0.13,"Term":"llc","LastUpdated":"2024-03-14T14:06:03.9369973+03:00"},{"Score":0.12,"Term":"transfer","LastUpdated":"2024-03-14T14:06:03.9369944+03:00"},{"Score":0.11,"Term":"bigbank","LastUpdated":"2024-03-14T14:06:03.9369952+03:00"},{"Score":0.1,"Term":"account","LastUpdated":"2024-03-14T14:06:03.9369991+03:00"},{"Score":0.08,"Term":"paid","LastUpdated":"2024-03-14T14:06:10.0716165+03:00"}]},{"DocumentKeywordVectors":[{"TotalDocumentLength":22537,"PageCount":1,"FirstPageVector":{"VectorId":"NoGroup.NoCategory.W-9Form_1.FirstPage","DocumentCount":4,"TermsWithScores":[{"Score":3.89,"Term":"instructions","LastUpdated":"2024-03-14T14:07:02.7934157+03:00"},{"Score":3.75,"Term":"identification","LastUpdated":"2024-03-14T14:07:02.7934103+03:00"},{"Score":3.7,"Term":"tax","LastUpdated":"2024-03-14T14:07:02.7934176+03:00"},{"Score":3.7,"Term":"form","LastUpdated":"2024-03-14T14:07:02.7935052+03:00"},{"Score":3.5,"Term":"llc","LastUpdated":"2024-03-14T14:07:02.7935175+03:00"},{"Score":3.44,"Term":"taxpayer","LastUpdated":"2024-03-14T14:07:02.7935631+03:00"},{"Score":3.26,"Term":"check","LastUpdated":"2024-03-14T14:07:02.7934952+03:00"},{"Score":3.26,"Term":"owner","LastUpdated":"2024-03-14T14:07:02.7935588+03:00"},{"Score":3.18,"Term":"irs","LastUpdated":"2024-03-14T14:07:02.7935196+03:00"},{"Score":3.04,"Term":"backup","LastUpdated":"2024-03-14T14:07:02.793565+03:00"},{"Score":3.02,"Term":"classification","LastUpdated":"2024-03-14T14:07:02.7934519+03:00"},{"Score":3.02,"Term":"withholding","LastUpdated":"2024-03-14T14:07:02.7934976+03:00"},{"Score":3.02,"Term":"box","LastUpdated":"2024-03-14T14:07:02.793524+03:00"},{"Score":2.98,"Term":"person","LastUpdated":"2024-03-14T14:07:02.7934508+03:00"},{"Score":2.95,"Term":"requester","LastUpdated":"2024-03-14T14:07:02.793564+03:00"},{"Score":2.94,"Term":"corporation","LastUpdated":"2024-03-14T14:07:02.7934269+03:00"},{"Score":2.93,"Term":"internal","LastUpdated":"2024-03-14T14:07:02.7935095+03:00"},{"Score":2.93,"Term":"revenue","LastUpdated":"2024-03-14T14:07:02.7935104+03:00"},{"Score":2.88,"Term":"certification","LastUpdated":"2024-03-14T14:07:02.7934531+03:00"},{"Score":2.86,"Term":"tin","LastUpdated":"2024-03-14T14:07:02.7935121+03:00"},{"Score":2.85,"Term":"required","LastUpdated":"2024-03-14T14:07:02.7934167+03:00"},{"Score":2.81,"Term":"entity","LastUpdated":"2024-03-14T14:07:02.7935514+03:00"},{"Score":2.77,"Term":"disregarded","LastUpdated":"2024-03-14T14:07:02.7935332+03:00"},{"Score":2.73,"Term":"service","LastUpdated":"2024-03-14T14:07:02.7934204+03:00"},{"Score":2.69,"Term":"income","LastUpdated":"2024-03-14T14:07:02.7935597+03:00"},{"Score":2.67,"Term":"october","LastUpdated":"2024-03-14T14:07:02.7935321+03:00"},{"Score":2.65,"Term":"treasury","LastUpdated":"2024-03-14T14:07:02.7934543+03:00"},{"Score":2.65,"Term":"department","LastUpdated":"2024-03-14T14:07:02.7934702+03:00"},{"Score":2.65,"Term":"enter","LastUpdated":"2024-03-14T14:07:02.7934877+03:00"},{"Score":2.64,"Term":"send","LastUpdated":"2024-03-14T14:07:02.7934656+03:00"},{"Score":2.57,"Term":"code","LastUpdated":"2024-03-14T14:07:02.7934678+03:00"},{"Score":2.57,"Term":"federal","LastUpdated":"2024-03-14T14:07:02.7935368+03:00"},{"Score":2.57,"Term":"entered","LastUpdated":"2024-03-14T14:07:02.7935494+03:00"},{"Score":2.56,"Term":"leave","LastUpdated":"2024-03-14T14:07:02.7935044+03:00"},{"Score":2.53,"Term":"proprietor","LastUpdated":"2024-03-14T14:07:02.7934025+03:00"},{"Score":2.53,"Term":"blank","LastUpdated":"2024-03-14T14:07:02.7934941+03:00"},{"Score":2.53,"Term":"business","LastUpdated":"2024-03-14T14:07:02.7935468+03:00"},{"Score":2.49,"Term":"limited","LastUpdated":"2024-03-14T14:07:02.793493+03:00"},{"Score":2.41,"Term":"boxes","LastUpdated":"2024-03-14T14:07:02.7935186+03:00"},{"Score":2.41,"Term":"note","LastUpdated":"2024-03-14T14:07:02.7935416+03:00"},{"Score":2.4,"Term":"partnership","LastUpdated":"2024-03-14T14:07:02.7935545+03:00"},{"Score":2.36,"Term":"liability","LastUpdated":"2024-03-14T14:07:02.7934799+03:00"},{"Score":2.36,"Term":"company","LastUpdated":"2024-03-14T14:07:02.7935691+03:00"},{"Score":2.33,"Term":"exempt","LastUpdated":"2024-03-14T14:07:02.7934745+03:00"},{"Score":2.3,"Term":"fatca","LastUpdated":"2024-03-14T14:07:02.7935733+03:00"},{"Score":2.26,"Term":"correct","LastUpdated":"2024-03-14T14:07:02.793523+03:00"},{"Score":2.25,"Term":"classified","LastUpdated":"2024-03-14T14:07:02.7935609+03:00"},{"Score":2.22,"Term":"subject","LastUpdated":"2024-03-14T14:07:02.7934257+03:00"},{"Score":2.18,"Term":"apply","LastUpdated":"2024-03-14T14:07:02.7935566+03:00"},{"Score":2.17,"Term":"purposes","LastUpdated":"2024-03-14T14:07:02.7934047+03:00"},{"Score":2.17,"Term":"entities","LastUpdated":"2024-03-14T14:07:02.7934072+03:00"},{"Score":2.17,"Term":"individuals","LastUpdated":"2024-03-14T14:07:02.7935436+03:00"},{"Score":2.13,"Term":"reporting","LastUpdated":"2024-03-14T14:07:02.7934093+03:00"},{"Score":2.09,"Term":"address","LastUpdated":"2024-03-14T14:07:02.7935403+03:00"},{"Score":2.08,"Term":"exemptions","LastUpdated":"2024-03-14T14:07:02.7934014+03:00"},{"Score":2.06,"Term":"social","LastUpdated":"2024-03-14T14:07:02.7934644+03:00"},{"Score":2.06,"Term":"security","LastUpdated":"2024-03-14T14:07:02.7934811+03:00"},{"Score":2.04,"Term":"payee","LastUpdated":"2024-03-14T14:07:02.7935071+03:00"},{"Score":2.04,"Term":"request","LastUpdated":"2024-03-14T14:07:02.7935723+03:00"},{"Score":2.03,"Term":"exemption","LastUpdated":"2024-03-14T14:07:02.793562+03:00"},{"Score":2.02,"Term":"account","LastUpdated":"2024-03-14T14:07:02.793531+03:00"},{"Score":2.0,"Term":"accounts","LastUpdated":"2024-03-14T14:07:02.7934451+03:00"},{"Score":2.0,"Term":"maintained","LastUpdated":"2024-03-14T14:07:02.7935035+03:00"},{"Score":1.98,"Term":"employer","LastUpdated":"2024-03-14T14:07:02.7934667+03:00"},{"Score":1.97,"Term":"street","LastUpdated":"2024-03-14T14:07:02.7934116+03:00"},{"Score":1.96,"Term":"apt","LastUpdated":"2024-03-14T14:07:02.7934035+03:00"},{"Score":1.96,"Term":"suite","LastUpdated":"2024-03-14T14:07:02.7934574+03:00"},{"Score":1.93,"Term":"zip","LastUpdated":"2024-03-14T14:07:02.7935287+03:00"},{"Score":1.93,"Term":"city","LastUpdated":"2024-03-14T14:07:02.7935459+03:00"},{"Score":1.92,"Term":"list","LastUpdated":"2024-03-14T14:07:02.7935555+03:00"},{"Score":1.86,"Term":"resident","LastUpdated":"2024-03-14T14:07:02.7935298+03:00"},{"Score":1.84,"Term":"match","LastUpdated":"2024-03-14T14:07:02.7935061+03:00"},{"Score":1.81,"Term":"avoid","LastUpdated":"2024-03-14T14:07:02.7935355+03:00"},{"Score":1.75,"Term":"alien","LastUpdated":"2024-03-14T14:07:02.7935112+03:00"},{"Score":1.74,"Term":"sole","LastUpdated":"2024-03-14T14:07:02.7935026+03:00"},{"Score":1.69,"Term":"notified","LastUpdated":"2024-03-14T14:07:02.7934195+03:00"},{"Score":1.62,"Term":"report","LastUpdated":"2024-03-14T14:07:02.7935449+03:00"},{"Score":1.61,"Term":"dividends","LastUpdated":"2024-03-14T14:07:02.7935255+03:00"},{"Score":1.58,"Term":"guidelines","LastUpdated":"2024-03-14T14:07:02.7934906+03:00"},{"Score":1.55,"Term":"return","LastUpdated":"2024-03-14T14:07:02.7934822+03:00"},{"Score":1.55,"Term":"penalties","LastUpdated":"2024-03-14T14:07:02.7934843+03:00"},{"Score":1.53,"Term":"certify","LastUpdated":"2024-03-14T14:07:02.7935014+03:00"},{"Score":1.53,"Term":"perjury","LastUpdated":"2024-03-14T14:07:02.7935425+03:00"},{"Score":1.46,"Term":"waiting","LastUpdated":"2024-03-14T14:07:02.7934476+03:00"},{"Score":1.45,"Term":"drive","LastUpdated":"2024-03-14T14:07:02.7934441+03:00"},{"Score":1.45,"Term":"issued","LastUpdated":"2024-03-14T14:07:02.7934486+03:00"},{"Score":1.37,"Term":"wayne","LastUpdated":"2024-03-14T14:07:02.793508+03:00"},{"Score":1.35,"Term":"result","LastUpdated":"2024-03-14T14:07:02.7935484+03:00"},{"Score":1.33,"Term":"failure","LastUpdated":"2024-03-14T14:07:02.7934963+03:00"},{"Score":1.29,"Term":"individual","LastUpdated":"2024-03-14T14:07:02.7934724+03:00"},{"Score":1.29,"Term":"item","LastUpdated":"2024-03-14T14:07:02.7935156+03:00"},{"Score":1.28,"Term":"citizen","LastUpdated":"2024-03-14T14:07:02.7934236+03:00"},{"Score":1.27,"Term":"bruce","LastUpdated":"2024-03-14T14:07:02.7935578+03:00"},{"Score":1.25,"Term":"enterprises","LastUpdated":"2024-03-14T14:07:02.7934147+03:00"},{"Score":1.21,"Term":"indicating","LastUpdated":"2024-03-14T14:07:02.7935148+03:00"},{"Score":1.2,"Term":"real","LastUpdated":"2024-03-14T14:07:02.7934712+03:00"},{"Score":1.19,"Term":"estate","LastUpdated":"2024-03-14T14:07:02.7935277+03:00"},{"Score":1.18,"Term":"transactions","LastUpdated":"2024-03-14T14:07:02.7934287+03:00"},{"Score":1.17,"Term":"cross","LastUpdated":"2024-03-14T14:07:02.7934853+03:00"},{"Score":1.17,"Term":"mortgage","LastUpdated":"2024-03-14T14:07:02.7935525+03:00"},{"Score":1.16,"Term":"paid","LastUpdated":"2024-03-14T14:07:02.7934918+03:00"},{"Score":1.15,"Term":"abandonment","LastUpdated":"2024-03-14T14:07:02.793463+03:00"},{"Score":1.13,"Term":"secured","LastUpdated":"2024-03-14T14:07:02.7934423+03:00"},{"Score":1.12,"Term":"failed","LastUpdated":"2024-03-14T14:07:02.7934554+03:00"},{"Score":1.04,"Term":"acquisition","LastUpdated":"2024-03-14T14:07:02.7934277+03:00"},{"Score":1.04,"Term":"sign","LastUpdated":"2024-03-14T14:07:02.793566+03:00"},{"Score":1.03,"Term":"property","LastUpdated":"2024-03-14T14:07:02.793568+03:00"},{"Score":1.02,"Term":"cancellation","LastUpdated":"2024-03-14T14:07:02.7934464+03:00"},{"Score":1.01,"Term":"contributions","LastUpdated":"2024-03-14T14:07:02.7935207+03:00"},{"Score":1.01,"Term":"debt","LastUpdated":"2024-03-14T14:07:02.7935392+03:00"},{"Score":1.0,"Term":"arrangement","LastUpdated":"2024-03-14T14:07:02.7934757+03:00"},{"Score":1.0,"Term":"retirement","LastUpdated":"2024-03-14T14:07:02.7935087+03:00"},{"Score":0.97,"Term":"mountain","LastUpdated":"2024-03-14T14:07:02.7934185+03:00"},{"Score":0.97,"Term":"payments","LastUpdated":"2024-03-14T14:07:02.7935534+03:00"},{"Score":0.96,"Term":"gotham","LastUpdated":"2024-03-14T14:07:02.793513+03:00"},{"Score":0.93,"Term":"developments","LastUpdated":"2024-03-14T14:07:02.7934431+03:00"},{"Score":0.92,"Term":"provide","LastUpdated":"2024-03-14T14:07:02.7934777+03:00"},{"Score":0.89,"Term":"signature","LastUpdated":"2024-03-14T14:07:02.7934885+03:00"},{"Score":0.85,"Term":"references","LastUpdated":"2024-03-14T14:07:02.7935266+03:00"},{"Score":0.84,"Term":"future","LastUpdated":"2024-03-14T14:07:02.793538+03:00"},{"Score":0.77,"Term":"enacted","LastUpdated":"2024-03-14T14:07:02.7934247+03:00"},{"Score":0.77,"Term":"legislation","LastUpdated":"2024-03-14T14:07:02.7934767+03:00"},{"Score":0.76,"Term":"published","LastUpdated":"2024-03-14T14:07:02.7934564+03:00"},{"Score":0.73,"Term":"purpose","LastUpdated":"2024-03-14T14:07:02.793567+03:00"},{"Score":0.69,"Term":"file","LastUpdated":"2024-03-14T14:07:02.7934995+03:00"},{"Score":0.68,"Term":"ientiication","LastUpdated":"2024-03-14T14:06:32.7379411+03:00"},{"Score":0.68,"Term":"numper","LastUpdated":"2024-03-14T14:06:32.7379752+03:00"},{"Score":0.67,"Term":"ano","LastUpdated":"2024-03-14T14:06:32.7379597+03:00"},{"Score":0.67,"Term":"uertication","LastUpdated":"2024-03-14T14:06:32.7379621+03:00"},{"Score":0.63,"Term":"wonka","LastUpdated":"2024-03-14T14:06:56.4721352+03:00"},{"Score":0.63,"Term":"willy","LastUpdated":"2024-03-14T14:06:56.4722068+03:00"},{"Score":0.63,"Term":"emmet","LastUpdated":"2024-03-14T14:06:44.3525997+03:00"},{"Score":0.63,"Term":"brown","LastUpdated":"2024-03-14T14:06:44.3526153+03:00"},{"Score":0.62,"Term":"chocolate","LastUpdated":"2024-03-14T14:06:56.4721201+03:00"},{"Score":0.62,"Term":"factory","LastUpdated":"2024-03-14T14:06:56.4721763+03:00"},{"Score":0.62,"Term":"inventions","LastUpdated":"2024-03-14T14:06:44.3526436+03:00"},{"Score":0.61,"Term":"adoption","LastUpdated":"2024-03-14T14:07:02.7935475+03:00"},{"Score":0.53,"Term":"reportable","LastUpdated":"2024-03-14T14:07:02.7934304+03:00"},{"Score":0.52,"Term":"mutual","LastUpdated":"2024-03-14T14:07:02.7934129+03:00"},{"Score":0.52,"Term":"examples","LastUpdated":"2024-03-14T14:07:02.7935712+03:00"},{"Score":0.5,"Term":"outaide","LastUpdated":"2024-03-14T14:06:32.7379607+03:00"},{"Score":0.49,"Term":"returns","LastUpdated":"2024-03-14T14:07:02.7934218+03:00"},{"Score":0.49,"Term":"include","LastUpdated":"2024-03-14T14:07:02.7934295+03:00"},{"Score":0.49,"Term":"norwood","LastUpdated":"2024-03-14T14:06:56.4721174+03:00"},{"Score":0.49,"Term":"west","LastUpdated":"2024-03-14T14:06:56.4721538+03:00"},{"Score":0.49,"Term":"riverside","LastUpdated":"2024-03-14T14:06:44.3526099+03:00"},{"Score":0.48,"Term":"avenue","LastUpdated":"2024-03-14T14:06:56.4720734+03:00"},{"Score":0.48,"Term":"itasca","LastUpdated":"2024-03-14T14:06:56.4720917+03:00"},{"Score":0.48,"Term":"hill","LastUpdated":"2024-03-14T14:06:44.3526399+03:00"},{"Score":0.48,"Term":"valey","LastUpdated":"2024-03-14T14:06:44.3526721+03:00"},{"Score":0.47,"Term":"illinois","LastUpdated":"2024-03-14T14:06:56.4720486+03:00"},{"Score":0.46,"Term":"earned","LastUpdated":"2024-03-14T14:07:02.7934735+03:00"},{"Score":0.45,"Term":"cat","LastUpdated":"2024-03-14T14:07:02.7935139+03:00"},{"Score":0.44,"Term":"including","LastUpdated":"2024-03-14T14:07:02.7934832+03:00"},{"Score":0.4,"Term":"stocks","LastUpdated":"2024-03-14T14:07:02.7934083+03:00"},{"Score":0.4,"Term":"types","LastUpdated":"2024-03-14T14:07:02.793469+03:00"},{"Score":0.4,"Term":"prizes","LastUpdated":"2024-03-14T14:07:02.7935004+03:00"},{"Score":0.4,"Term":"awards","LastUpdated":"2024-03-14T14:07:02.7935504+03:00"},{"Score":0.36,"Term":"fund","LastUpdated":"2024-03-14T14:07:02.7934139+03:00"},{"Score":0.36,"Term":"sales","LastUpdated":"2024-03-14T14:07:02.7934584+03:00"},{"Score":0.36,"Term":"gross","LastUpdated":"2024-03-14T14:07:02.7935701+03:00"},{"Score":0.31,"Term":"retur","LastUpdated":"2024-03-14T14:06:56.472203+03:00"},{"Score":0.28,"Term":"network","LastUpdated":"2024-03-14T14:07:02.7934002+03:00"},{"Score":0.28,"Term":"party","LastUpdated":"2024-03-14T14:07:02.7934985+03:00"},{"Score":0.28,"Term":"card","LastUpdated":"2024-03-14T14:07:02.7935166+03:00"},{"Score":0.24,"Term":"loan","LastUpdated":"2024-03-14T14:07:02.7935219+03:00"},{"Score":0.22,"Term":"cuilly","LastUpdated":"2024-03-14T14:06:56.4720501+03:00"},{"Score":0.16,"Term":"retum","LastUpdated":"2024-03-14T14:06:44.352627+03:00"},{"Score":0.08,"Term":"print","LastUpdated":"2024-03-14T14:07:02.7934894+03:00"},{"Score":0.05,"Term":"type","LastUpdated":"2024-03-14T14:07:02.7934497+03:00"},{"Score":0.04,"Term":"specific","LastUpdated":"2024-03-14T14:07:02.7934864+03:00"}]},"RestOfPagesVector":{"VectorId":"NoGroup.NoCategory.W-9Form_1.RestOfPages","DocumentCount":4,"TermsWithScores":[]},"ParentVectorId":"NoGroup.NoCategory.W-9Form","VectorId":"NoGroup.NoCategory.W-9Form_1","DocumentCount":4,"TermsWithScores":[{"Score":3.89,"Term":"instructions","LastUpdated":"2024-03-14T14:07:02.7937856+03:00"},{"Score":3.75,"Term":"identification","LastUpdated":"2024-03-14T14:07:02.7937805+03:00"},{"Score":3.7,"Term":"tax","LastUpdated":"2024-03-14T14:07:02.7937872+03:00"},{"Score":3.7,"Term":"form","LastUpdated":"2024-03-14T14:07:02.7938472+03:00"},{"Score":3.5,"Term":"llc","LastUpdated":"2024-03-14T14:07:02.7938597+03:00"},{"Score":3.44,"Term":"taxpayer","LastUpdated":"2024-03-14T14:07:02.7938977+03:00"},{"Score":3.26,"Term":"check","LastUpdated":"2024-03-14T14:07:02.7938389+03:00"},{"Score":3.26,"Term":"owner","LastUpdated":"2024-03-14T14:07:02.7938938+03:00"},{"Score":3.18,"Term":"irs","LastUpdated":"2024-03-14T14:07:02.7938612+03:00"},{"Score":3.04,"Term":"backup","LastUpdated":"2024-03-14T14:07:02.7938998+03:00"},{"Score":3.02,"Term":"classification","LastUpdated":"2024-03-14T14:07:02.7938081+03:00"},{"Score":3.02,"Term":"withholding","LastUpdated":"2024-03-14T14:07:02.7938407+03:00"},{"Score":3.02,"Term":"box","LastUpdated":"2024-03-14T14:07:02.7938648+03:00"},{"Score":2.98,"Term":"person","LastUpdated":"2024-03-14T14:07:02.7938072+03:00"},{"Score":2.95,"Term":"requester","LastUpdated":"2024-03-14T14:07:02.7938987+03:00"},{"Score":2.94,"Term":"corporation","LastUpdated":"2024-03-14T14:07:02.7937943+03:00"},{"Score":2.93,"Term":"internal","LastUpdated":"2024-03-14T14:07:02.7938522+03:00"},{"Score":2.93,"Term":"revenue","LastUpdated":"2024-03-14T14:07:02.7938532+03:00"},{"Score":2.88,"Term":"certification","LastUpdated":"2024-03-14T14:07:02.7938089+03:00"},{"Score":2.86,"Term":"tin","LastUpdated":"2024-03-14T14:07:02.7938548+03:00"},{"Score":2.85,"Term":"required","LastUpdated":"2024-03-14T14:07:02.7937864+03:00"},{"Score":2.81,"Term":"entity","LastUpdated":"2024-03-14T14:07:02.7938858+03:00"},{"Score":2.77,"Term":"disregarded","LastUpdated":"2024-03-14T14:07:02.7938715+03:00"},{"Score":2.73,"Term":"service","LastUpdated":"2024-03-14T14:07:02.7937897+03:00"},{"Score":2.69,"Term":"income","LastUpdated":"2024-03-14T14:07:02.7938948+03:00"},{"Score":2.67,"Term":"october","LastUpdated":"2024-03-14T14:07:02.7938706+03:00"},{"Score":2.65,"Term":"treasury","LastUpdated":"2024-03-14T14:07:02.7938097+03:00"},{"Score":2.65,"Term":"department","LastUpdated":"2024-03-14T14:07:02.7938197+03:00"},{"Score":2.65,"Term":"enter","LastUpdated":"2024-03-14T14:07:02.7938327+03:00"},{"Score":2.64,"Term":"send","LastUpdated":"2024-03-14T14:07:02.793816+03:00"},{"Score":2.57,"Term":"code","LastUpdated":"2024-03-14T14:07:02.7938178+03:00"},{"Score":2.57,"Term":"federal","LastUpdated":"2024-03-14T14:07:02.7938735+03:00"},{"Score":2.57,"Term":"entered","LastUpdated":"2024-03-14T14:07:02.7938841+03:00"},{"Score":2.56,"Term":"leave","LastUpdated":"2024-03-14T14:07:02.7938464+03:00"},{"Score":2.53,"Term":"proprietor","LastUpdated":"2024-03-14T14:07:02.7937747+03:00"},{"Score":2.53,"Term":"blank","LastUpdated":"2024-03-14T14:07:02.7938379+03:00"},{"Score":2.53,"Term":"business","LastUpdated":"2024-03-14T14:07:02.7938815+03:00"},{"Score":2.49,"Term":"limited","LastUpdated":"2024-03-14T14:07:02.793837+03:00"},{"Score":2.41,"Term":"boxes","LastUpdated":"2024-03-14T14:07:02.7938605+03:00"},{"Score":2.41,"Term":"note","LastUpdated":"2024-03-14T14:07:02.7938772+03:00"},{"Score":2.4,"Term":"partnership","LastUpdated":"2024-03-14T14:07:02.7938885+03:00"},{"Score":2.36,"Term":"liability","LastUpdated":"2024-03-14T14:07:02.7938266+03:00"},{"Score":2.36,"Term":"company","LastUpdated":"2024-03-14T14:07:02.7939047+03:00"},{"Score":2.33,"Term":"exempt","LastUpdated":"2024-03-14T14:07:02.7938231+03:00"},{"Score":2.3,"Term":"fatca","LastUpdated":"2024-03-14T14:07:02.7939088+03:00"},{"Score":2.26,"Term":"correct","LastUpdated":"2024-03-14T14:07:02.7938638+03:00"},{"Score":2.25,"Term":"classified","LastUpdated":"2024-03-14T14:07:02.7938958+03:00"},{"Score":2.22,"Term":"subject","LastUpdated":"2024-03-14T14:07:02.7937934+03:00"},{"Score":2.18,"Term":"apply","LastUpdated":"2024-03-14T14:07:02.7938906+03:00"},{"Score":2.17,"Term":"purposes","LastUpdated":"2024-03-14T14:07:02.7937763+03:00"},{"Score":2.17,"Term":"entities","LastUpdated":"2024-03-14T14:07:02.7937772+03:00"},{"Score":2.17,"Term":"individuals","LastUpdated":"2024-03-14T14:07:02.793879+03:00"},{"Score":2.13,"Term":"reporting","LastUpdated":"2024-03-14T14:07:02.7937791+03:00"},{"Score":2.09,"Term":"address","LastUpdated":"2024-03-14T14:07:02.7938762+03:00"},{"Score":2.08,"Term":"exemptions","LastUpdated":"2024-03-14T14:07:02.7937734+03:00"},{"Score":2.06,"Term":"social","LastUpdated":"2024-03-14T14:07:02.7938151+03:00"},{"Score":2.06,"Term":"security","LastUpdated":"2024-03-14T14:07:02.7938275+03:00"},{"Score":2.04,"Term":"payee","LastUpdated":"2024-03-14T14:07:02.7938489+03:00"},{"Score":2.04,"Term":"request","LastUpdated":"2024-03-14T14:07:02.7939078+03:00"},{"Score":2.03,"Term":"exemption","LastUpdated":"2024-03-14T14:07:02.7938967+03:00"},{"Score":2.02,"Term":"account","LastUpdated":"2024-03-14T14:07:02.7938697+03:00"},{"Score":2.0,"Term":"accounts","LastUpdated":"2024-03-14T14:07:02.7938015+03:00"},{"Score":2.0,"Term":"maintained","LastUpdated":"2024-03-14T14:07:02.7938456+03:00"},{"Score":1.98,"Term":"employer","LastUpdated":"2024-03-14T14:07:02.7938169+03:00"},{"Score":1.97,"Term":"street","LastUpdated":"2024-03-14T14:07:02.7937815+03:00"},{"Score":1.96,"Term":"apt","LastUpdated":"2024-03-14T14:07:02.7937755+03:00"},{"Score":1.96,"Term":"suite","LastUpdated":"2024-03-14T14:07:02.7938125+03:00"},{"Score":1.93,"Term":"zip","LastUpdated":"2024-03-14T14:07:02.793868+03:00"},{"Score":1.93,"Term":"city","LastUpdated":"2024-03-14T14:07:02.7938807+03:00"},{"Score":1.92,"Term":"list","LastUpdated":"2024-03-14T14:07:02.7938894+03:00"},{"Score":1.86,"Term":"resident","LastUpdated":"2024-03-14T14:07:02.7938688+03:00"},{"Score":1.84,"Term":"match","LastUpdated":"2024-03-14T14:07:02.7938481+03:00"},{"Score":1.81,"Term":"avoid","LastUpdated":"2024-03-14T14:07:02.7938725+03:00"},{"Score":1.75,"Term":"alien","LastUpdated":"2024-03-14T14:07:02.793854+03:00"},{"Score":1.74,"Term":"sole","LastUpdated":"2024-03-14T14:07:02.7938447+03:00"},{"Score":1.69,"Term":"notified","LastUpdated":"2024-03-14T14:07:02.7937889+03:00"},{"Score":1.62,"Term":"report","LastUpdated":"2024-03-14T14:07:02.7938798+03:00"},{"Score":1.61,"Term":"dividends","LastUpdated":"2024-03-14T14:07:02.7938656+03:00"},{"Score":1.58,"Term":"guidelines","LastUpdated":"2024-03-14T14:07:02.7938352+03:00"},{"Score":1.55,"Term":"return","LastUpdated":"2024-03-14T14:07:02.7938283+03:00"},{"Score":1.55,"Term":"penalties","LastUpdated":"2024-03-14T14:07:02.79383+03:00"},{"Score":1.53,"Term":"certify","LastUpdated":"2024-03-14T14:07:02.7938439+03:00"},{"Score":1.53,"Term":"perjury","LastUpdated":"2024-03-14T14:07:02.7938781+03:00"},{"Score":1.46,"Term":"waiting","LastUpdated":"2024-03-14T14:07:02.7938033+03:00"},{"Score":1.45,"Term":"drive","LastUpdated":"2024-03-14T14:07:02.7938007+03:00"},{"Score":1.45,"Term":"issued","LastUpdated":"2024-03-14T14:07:02.7938042+03:00"},{"Score":1.37,"Term":"wayne","LastUpdated":"2024-03-14T14:07:02.7938497+03:00"},{"Score":1.35,"Term":"result","LastUpdated":"2024-03-14T14:07:02.7938831+03:00"},{"Score":1.33,"Term":"failure","LastUpdated":"2024-03-14T14:07:02.7938399+03:00"},{"Score":1.29,"Term":"individual","LastUpdated":"2024-03-14T14:07:02.7938214+03:00"},{"Score":1.29,"Term":"item","LastUpdated":"2024-03-14T14:07:02.7938581+03:00"},{"Score":1.28,"Term":"citizen","LastUpdated":"2024-03-14T14:07:02.7937915+03:00"},{"Score":1.27,"Term":"bruce","LastUpdated":"2024-03-14T14:07:02.7938926+03:00"},{"Score":1.25,"Term":"enterprises","LastUpdated":"2024-03-14T14:07:02.7937847+03:00"},{"Score":1.21,"Term":"indicating","LastUpdated":"2024-03-14T14:07:02.7938573+03:00"},{"Score":1.2,"Term":"real","LastUpdated":"2024-03-14T14:07:02.7938206+03:00"},{"Score":1.19,"Term":"estate","LastUpdated":"2024-03-14T14:07:02.7938672+03:00"},{"Score":1.18,"Term":"transactions","LastUpdated":"2024-03-14T14:07:02.7937961+03:00"},{"Score":1.17,"Term":"cross","LastUpdated":"2024-03-14T14:07:02.7938309+03:00"},{"Score":1.17,"Term":"mortgage","LastUpdated":"2024-03-14T14:07:02.7938867+03:00"},{"Score":1.16,"Term":"paid","LastUpdated":"2024-03-14T14:07:02.7938361+03:00"},{"Score":1.15,"Term":"abandonment","LastUpdated":"2024-03-14T14:07:02.7938142+03:00"},{"Score":1.13,"Term":"secured","LastUpdated":"2024-03-14T14:07:02.7937987+03:00"},{"Score":1.12,"Term":"failed","LastUpdated":"2024-03-14T14:07:02.7938106+03:00"},{"Score":1.04,"Term":"acquisition","LastUpdated":"2024-03-14T14:07:02.7937952+03:00"},{"Score":1.04,"Term":"sign","LastUpdated":"2024-03-14T14:07:02.793901+03:00"},{"Score":1.03,"Term":"property","LastUpdated":"2024-03-14T14:07:02.7939034+03:00"},{"Score":1.02,"Term":"cancellation","LastUpdated":"2024-03-14T14:07:02.7938024+03:00"},{"Score":1.01,"Term":"contributions","LastUpdated":"2024-03-14T14:07:02.7938621+03:00"},{"Score":1.01,"Term":"debt","LastUpdated":"2024-03-14T14:07:02.7938753+03:00"},{"Score":1.0,"Term":"arrangement","LastUpdated":"2024-03-14T14:07:02.793824+03:00"},{"Score":1.0,"Term":"retirement","LastUpdated":"2024-03-14T14:07:02.7938505+03:00"},{"Score":0.97,"Term":"mountain","LastUpdated":"2024-03-14T14:07:02.793788+03:00"},{"Score":0.97,"Term":"payments","LastUpdated":"2024-03-14T14:07:02.7938875+03:00"},{"Score":0.96,"Term":"gotham","LastUpdated":"2024-03-14T14:07:02.7938556+03:00"},{"Score":0.93,"Term":"developments","LastUpdated":"2024-03-14T14:07:02.7937997+03:00"},{"Score":0.92,"Term":"provide","LastUpdated":"2024-03-14T14:07:02.7938258+03:00"},{"Score":0.89,"Term":"signature","LastUpdated":"2024-03-14T14:07:02.7938335+03:00"},{"Score":0.85,"Term":"references","LastUpdated":"2024-03-14T14:07:02.7938665+03:00"},{"Score":0.84,"Term":"future","LastUpdated":"2024-03-14T14:07:02.7938744+03:00"},{"Score":0.77,"Term":"enacted","LastUpdated":"2024-03-14T14:07:02.7937924+03:00"},{"Score":0.77,"Term":"legislation","LastUpdated":"2024-03-14T14:07:02.7938248+03:00"},{"Score":0.76,"Term":"published","LastUpdated":"2024-03-14T14:07:02.7938115+03:00"},{"Score":0.73,"Term":"purpose","LastUpdated":"2024-03-14T14:07:02.7939022+03:00"},{"Score":0.69,"Term":"file","LastUpdated":"2024-03-14T14:07:02.7938423+03:00"},{"Score":0.68,"Term":"ientiication","LastUpdated":"2024-03-14T14:06:32.7382164+03:00"},{"Score":0.68,"Term":"numper","LastUpdated":"2024-03-14T14:06:32.7382509+03:00"},{"Score":0.67,"Term":"ano","LastUpdated":"2024-03-14T14:06:32.7382342+03:00"},{"Score":0.67,"Term":"uertication","LastUpdated":"2024-03-14T14:06:32.7382382+03:00"},{"Score":0.63,"Term":"wonka","LastUpdated":"2024-03-14T14:06:56.4725795+03:00"},{"Score":0.63,"Term":"willy","LastUpdated":"2024-03-14T14:06:56.4726193+03:00"},{"Score":0.63,"Term":"emmet","LastUpdated":"2024-03-14T14:06:44.3529453+03:00"},{"Score":0.63,"Term":"brown","LastUpdated":"2024-03-14T14:06:44.3529604+03:00"},{"Score":0.62,"Term":"chocolate","LastUpdated":"2024-03-14T14:06:56.4725705+03:00"},{"Score":0.62,"Term":"factory","LastUpdated":"2024-03-14T14:06:56.472602+03:00"},{"Score":0.62,"Term":"inventions","LastUpdated":"2024-03-14T14:06:44.3529817+03:00"},{"Score":0.61,"Term":"adoption","LastUpdated":"2024-03-14T14:07:02.7938823+03:00"},{"Score":0.53,"Term":"reportable","LastUpdated":"2024-03-14T14:07:02.7937978+03:00"},{"Score":0.52,"Term":"mutual","LastUpdated":"2024-03-14T14:07:02.7937823+03:00"},{"Score":0.52,"Term":"examples","LastUpdated":"2024-03-14T14:07:02.7939066+03:00"},{"Score":0.5,"Term":"outaide","LastUpdated":"2024-03-14T14:06:32.7382354+03:00"},{"Score":0.49,"Term":"returns","LastUpdated":"2024-03-14T14:07:02.7937906+03:00"},{"Score":0.49,"Term":"include","LastUpdated":"2024-03-14T14:07:02.793797+03:00"},{"Score":0.49,"Term":"norwood","LastUpdated":"2024-03-14T14:06:56.4725689+03:00"},{"Score":0.49,"Term":"west","LastUpdated":"2024-03-14T14:06:56.4725899+03:00"},{"Score":0.49,"Term":"riverside","LastUpdated":"2024-03-14T14:06:44.3529554+03:00"},{"Score":0.48,"Term":"avenue","LastUpdated":"2024-03-14T14:06:56.4725429+03:00"},{"Score":0.48,"Term":"itasca","LastUpdated":"2024-03-14T14:06:56.4725536+03:00"},{"Score":0.48,"Term":"hill","LastUpdated":"2024-03-14T14:06:44.3529784+03:00"},{"Score":0.48,"Term":"valey","LastUpdated":"2024-03-14T14:06:44.3530088+03:00"},{"Score":0.47,"Term":"illinois","LastUpdated":"2024-03-14T14:06:56.472529+03:00"},{"Score":0.46,"Term":"earned","LastUpdated":"2024-03-14T14:07:02.7938223+03:00"},{"Score":0.45,"Term":"cat","LastUpdated":"2024-03-14T14:07:02.7938564+03:00"},{"Score":0.44,"Term":"including","LastUpdated":"2024-03-14T14:07:02.7938292+03:00"},{"Score":0.4,"Term":"stocks","LastUpdated":"2024-03-14T14:07:02.7937781+03:00"},{"Score":0.4,"Term":"types","LastUpdated":"2024-03-14T14:07:02.7938187+03:00"},{"Score":0.4,"Term":"prizes","LastUpdated":"2024-03-14T14:07:02.7938431+03:00"},{"Score":0.4,"Term":"awards","LastUpdated":"2024-03-14T14:07:02.7938849+03:00"},{"Score":0.36,"Term":"fund","LastUpdated":"2024-03-14T14:07:02.7937835+03:00"},{"Score":0.36,"Term":"sales","LastUpdated":"2024-03-14T14:07:02.7938133+03:00"},{"Score":0.36,"Term":"gross","LastUpdated":"2024-03-14T14:07:02.7939058+03:00"},{"Score":0.31,"Term":"retur","LastUpdated":"2024-03-14T14:06:56.4726176+03:00"},{"Score":0.28,"Term":"network","LastUpdated":"2024-03-14T14:07:02.7937719+03:00"},{"Score":0.28,"Term":"party","LastUpdated":"2024-03-14T14:07:02.7938415+03:00"},{"Score":0.28,"Term":"card","LastUpdated":"2024-03-14T14:07:02.793859+03:00"},{"Score":0.24,"Term":"loan","LastUpdated":"2024-03-14T14:07:02.7938629+03:00"},{"Score":0.22,"Term":"cuilly","LastUpdated":"2024-03-14T14:06:56.4725298+03:00"},{"Score":0.16,"Term":"retum","LastUpdated":"2024-03-14T14:06:44.3529692+03:00"},{"Score":0.08,"Term":"print","LastUpdated":"2024-03-14T14:07:02.7938343+03:00"},{"Score":0.05,"Term":"type","LastUpdated":"2024-03-14T14:07:02.7938063+03:00"},{"Score":0.04,"Term":"specific","LastUpdated":"2024-03-14T14:07:02.7938317+03:00"}]}],"TotalDocumentLength":22537,"PageCount":1,"FirstPageVector":{"VectorId":"NoGroup.NoCategory.W-9Form.FirstPage","DocumentCount":4,"TermsWithScores":[{"Score":3.89,"Term":"instructions","LastUpdated":"2024-03-14T14:07:02.7927429+03:00"},{"Score":3.75,"Term":"identification","LastUpdated":"2024-03-14T14:07:02.7927369+03:00"},{"Score":3.7,"Term":"tax","LastUpdated":"2024-03-14T14:07:02.7927459+03:00"},{"Score":3.7,"Term":"form","LastUpdated":"2024-03-14T14:07:02.7928151+03:00"},{"Score":3.5,"Term":"llc","LastUpdated":"2024-03-14T14:07:02.79283+03:00"},{"Score":3.44,"Term":"taxpayer","LastUpdated":"2024-03-14T14:07:02.7928698+03:00"},{"Score":3.26,"Term":"check","LastUpdated":"2024-03-14T14:07:02.7928059+03:00"},{"Score":3.26,"Term":"owner","LastUpdated":"2024-03-14T14:07:02.792866+03:00"},{"Score":3.18,"Term":"irs","LastUpdated":"2024-03-14T14:07:02.7928319+03:00"},{"Score":3.04,"Term":"backup","LastUpdated":"2024-03-14T14:07:02.7928717+03:00"},{"Score":3.02,"Term":"classification","LastUpdated":"2024-03-14T14:07:02.7927683+03:00"},{"Score":3.02,"Term":"withholding","LastUpdated":"2024-03-14T14:07:02.7928077+03:00"},{"Score":3.02,"Term":"box","LastUpdated":"2024-03-14T14:07:02.7928357+03:00"},{"Score":2.98,"Term":"person","LastUpdated":"2024-03-14T14:07:02.7927672+03:00"},{"Score":2.95,"Term":"requester","LastUpdated":"2024-03-14T14:07:02.7928707+03:00"},{"Score":2.94,"Term":"corporation","LastUpdated":"2024-03-14T14:07:02.7927544+03:00"},{"Score":2.93,"Term":"internal","LastUpdated":"2024-03-14T14:07:02.7928199+03:00"},{"Score":2.93,"Term":"revenue","LastUpdated":"2024-03-14T14:07:02.7928209+03:00"},{"Score":2.88,"Term":"certification","LastUpdated":"2024-03-14T14:07:02.7927692+03:00"},{"Score":2.86,"Term":"tin","LastUpdated":"2024-03-14T14:07:02.7928229+03:00"},{"Score":2.85,"Term":"required","LastUpdated":"2024-03-14T14:07:02.7927449+03:00"},{"Score":2.81,"Term":"entity","LastUpdated":"2024-03-14T14:07:02.7928595+03:00"},{"Score":2.77,"Term":"disregarded","LastUpdated":"2024-03-14T14:07:02.7928435+03:00"},{"Score":2.73,"Term":"service","LastUpdated":"2024-03-14T14:07:02.7927492+03:00"},{"Score":2.69,"Term":"income","LastUpdated":"2024-03-14T14:07:02.7928668+03:00"},{"Score":2.67,"Term":"october","LastUpdated":"2024-03-14T14:07:02.7928426+03:00"},{"Score":2.65,"Term":"treasury","LastUpdated":"2024-03-14T14:07:02.7927703+03:00"},{"Score":2.65,"Term":"department","LastUpdated":"2024-03-14T14:07:02.7927827+03:00"},{"Score":2.65,"Term":"enter","LastUpdated":"2024-03-14T14:07:02.7927991+03:00"},{"Score":2.64,"Term":"send","LastUpdated":"2024-03-14T14:07:02.7927788+03:00"},{"Score":2.57,"Term":"code","LastUpdated":"2024-03-14T14:07:02.7927807+03:00"},{"Score":2.57,"Term":"federal","LastUpdated":"2024-03-14T14:07:02.7928456+03:00"},{"Score":2.57,"Term":"entered","LastUpdated":"2024-03-14T14:07:02.7928577+03:00"},{"Score":2.56,"Term":"leave","LastUpdated":"2024-03-14T14:07:02.7928142+03:00"},{"Score":2.53,"Term":"proprietor","LastUpdated":"2024-03-14T14:07:02.7927287+03:00"},{"Score":2.53,"Term":"blank","LastUpdated":"2024-03-14T14:07:02.7928047+03:00"},{"Score":2.53,"Term":"business","LastUpdated":"2024-03-14T14:07:02.7928549+03:00"},{"Score":2.49,"Term":"limited","LastUpdated":"2024-03-14T14:07:02.7928038+03:00"},{"Score":2.41,"Term":"boxes","LastUpdated":"2024-03-14T14:07:02.792831+03:00"},{"Score":2.41,"Term":"note","LastUpdated":"2024-03-14T14:07:02.7928493+03:00"},{"Score":2.4,"Term":"partnership","LastUpdated":"2024-03-14T14:07:02.7928624+03:00"},{"Score":2.36,"Term":"liability","LastUpdated":"2024-03-14T14:07:02.792791+03:00"},{"Score":2.36,"Term":"company","LastUpdated":"2024-03-14T14:07:02.7928753+03:00"},{"Score":2.33,"Term":"exempt","LastUpdated":"2024-03-14T14:07:02.7927864+03:00"},{"Score":2.3,"Term":"fatca","LastUpdated":"2024-03-14T14:07:02.7928787+03:00"},{"Score":2.26,"Term":"correct","LastUpdated":"2024-03-14T14:07:02.7928348+03:00"},{"Score":2.25,"Term":"classified","LastUpdated":"2024-03-14T14:07:02.7928679+03:00"},{"Score":2.22,"Term":"subject","LastUpdated":"2024-03-14T14:07:02.7927534+03:00"},{"Score":2.18,"Term":"apply","LastUpdated":"2024-03-14T14:07:02.7928642+03:00"},{"Score":2.17,"Term":"purposes","LastUpdated":"2024-03-14T14:07:02.7927318+03:00"},{"Score":2.17,"Term":"entities","LastUpdated":"2024-03-14T14:07:02.7927332+03:00"},{"Score":2.17,"Term":"individuals","LastUpdated":"2024-03-14T14:07:02.7928521+03:00"},{"Score":2.13,"Term":"reporting","LastUpdated":"2024-03-14T14:07:02.7927359+03:00"},{"Score":2.09,"Term":"address","LastUpdated":"2024-03-14T14:07:02.7928483+03:00"},{"Score":2.08,"Term":"exemptions","LastUpdated":"2024-03-14T14:07:02.7927275+03:00"},{"Score":2.06,"Term":"social","LastUpdated":"2024-03-14T14:07:02.7927777+03:00"},{"Score":2.06,"Term":"security","LastUpdated":"2024-03-14T14:07:02.7927921+03:00"},{"Score":2.04,"Term":"payee","LastUpdated":"2024-03-14T14:07:02.792817+03:00"},{"Score":2.04,"Term":"request","LastUpdated":"2024-03-14T14:07:02.7928778+03:00"},{"Score":2.03,"Term":"exemption","LastUpdated":"2024-03-14T14:07:02.792869+03:00"},{"Score":2.02,"Term":"account","LastUpdated":"2024-03-14T14:07:02.7928415+03:00"},{"Score":2.0,"Term":"accounts","LastUpdated":"2024-03-14T14:07:02.7927622+03:00"},{"Score":2.0,"Term":"maintained","LastUpdated":"2024-03-14T14:07:02.7928132+03:00"},{"Score":1.98,"Term":"employer","LastUpdated":"2024-03-14T14:07:02.7927797+03:00"},{"Score":1.97,"Term":"street","LastUpdated":"2024-03-14T14:07:02.7927381+03:00"},{"Score":1.96,"Term":"apt","LastUpdated":"2024-03-14T14:07:02.79273+03:00"},{"Score":1.96,"Term":"suite","LastUpdated":"2024-03-14T14:07:02.7927744+03:00"},{"Score":1.93,"Term":"zip","LastUpdated":"2024-03-14T14:07:02.7928396+03:00"},{"Score":1.93,"Term":"city","LastUpdated":"2024-03-14T14:07:02.7928539+03:00"},{"Score":1.92,"Term":"list","LastUpdated":"2024-03-14T14:07:02.7928633+03:00"},{"Score":1.86,"Term":"resident","LastUpdated":"2024-03-14T14:07:02.7928407+03:00"},{"Score":1.84,"Term":"match","LastUpdated":"2024-03-14T14:07:02.7928161+03:00"},{"Score":1.81,"Term":"avoid","LastUpdated":"2024-03-14T14:07:02.7928445+03:00"},{"Score":1.75,"Term":"alien","LastUpdated":"2024-03-14T14:07:02.7928218+03:00"},{"Score":1.74,"Term":"sole","LastUpdated":"2024-03-14T14:07:02.7928123+03:00"},{"Score":1.69,"Term":"notified","LastUpdated":"2024-03-14T14:07:02.7927478+03:00"},{"Score":1.62,"Term":"report","LastUpdated":"2024-03-14T14:07:02.792853+03:00"},{"Score":1.61,"Term":"dividends","LastUpdated":"2024-03-14T14:07:02.7928366+03:00"},{"Score":1.58,"Term":"guidelines","LastUpdated":"2024-03-14T14:07:02.7928017+03:00"},{"Score":1.55,"Term":"return","LastUpdated":"2024-03-14T14:07:02.7927933+03:00"},{"Score":1.55,"Term":"penalties","LastUpdated":"2024-03-14T14:07:02.7927951+03:00"},{"Score":1.53,"Term":"certify","LastUpdated":"2024-03-14T14:07:02.7928113+03:00"},{"Score":1.53,"Term":"perjury","LastUpdated":"2024-03-14T14:07:02.7928512+03:00"},{"Score":1.46,"Term":"waiting","LastUpdated":"2024-03-14T14:07:02.7927642+03:00"},{"Score":1.45,"Term":"drive","LastUpdated":"2024-03-14T14:07:02.7927611+03:00"},{"Score":1.45,"Term":"issued","LastUpdated":"2024-03-14T14:07:02.7927652+03:00"},{"Score":1.37,"Term":"wayne","LastUpdated":"2024-03-14T14:07:02.7928179+03:00"},{"Score":1.35,"Term":"result","LastUpdated":"2024-03-14T14:07:02.7928565+03:00"},{"Score":1.33,"Term":"failure","LastUpdated":"2024-03-14T14:07:02.7928068+03:00"},{"Score":1.29,"Term":"individual","LastUpdated":"2024-03-14T14:07:02.7927846+03:00"},{"Score":1.29,"Term":"item","LastUpdated":"2024-03-14T14:07:02.7928281+03:00"},{"Score":1.28,"Term":"citizen","LastUpdated":"2024-03-14T14:07:02.7927514+03:00"},{"Score":1.27,"Term":"bruce","LastUpdated":"2024-03-14T14:07:02.7928652+03:00"},{"Score":1.25,"Term":"enterprises","LastUpdated":"2024-03-14T14:07:02.7927419+03:00"},{"Score":1.21,"Term":"indicating","LastUpdated":"2024-03-14T14:07:02.7928269+03:00"},{"Score":1.2,"Term":"real","LastUpdated":"2024-03-14T14:07:02.7927836+03:00"},{"Score":1.19,"Term":"estate","LastUpdated":"2024-03-14T14:07:02.7928386+03:00"},{"Score":1.18,"Term":"transactions","LastUpdated":"2024-03-14T14:07:02.7927563+03:00"},{"Score":1.17,"Term":"cross","LastUpdated":"2024-03-14T14:07:02.7927959+03:00"},{"Score":1.17,"Term":"mortgage","LastUpdated":"2024-03-14T14:07:02.7928604+03:00"},{"Score":1.16,"Term":"paid","LastUpdated":"2024-03-14T14:07:02.7928027+03:00"},{"Score":1.15,"Term":"abandonment","LastUpdated":"2024-03-14T14:07:02.7927769+03:00"},{"Score":1.13,"Term":"secured","LastUpdated":"2024-03-14T14:07:02.7927591+03:00"},{"Score":1.12,"Term":"failed","LastUpdated":"2024-03-14T14:07:02.7927715+03:00"},{"Score":1.04,"Term":"acquisition","LastUpdated":"2024-03-14T14:07:02.7927554+03:00"},{"Score":1.04,"Term":"sign","LastUpdated":"2024-03-14T14:07:02.7928727+03:00"},{"Score":1.03,"Term":"property","LastUpdated":"2024-03-14T14:07:02.7928744+03:00"},{"Score":1.02,"Term":"cancellation","LastUpdated":"2024-03-14T14:07:02.7927632+03:00"},{"Score":1.01,"Term":"contributions","LastUpdated":"2024-03-14T14:07:02.7928329+03:00"},{"Score":1.01,"Term":"debt","LastUpdated":"2024-03-14T14:07:02.7928474+03:00"},{"Score":1.0,"Term":"arrangement","LastUpdated":"2024-03-14T14:07:02.7927876+03:00"},{"Score":1.0,"Term":"retirement","LastUpdated":"2024-03-14T14:07:02.7928188+03:00"},{"Score":0.97,"Term":"mountain","LastUpdated":"2024-03-14T14:07:02.792747+03:00"},{"Score":0.97,"Term":"payments","LastUpdated":"2024-03-14T14:07:02.7928614+03:00"},{"Score":0.96,"Term":"gotham","LastUpdated":"2024-03-14T14:07:02.7928241+03:00"},{"Score":0.93,"Term":"developments","LastUpdated":"2024-03-14T14:07:02.7927599+03:00"},{"Score":0.92,"Term":"provide","LastUpdated":"2024-03-14T14:07:02.7927897+03:00"},{"Score":0.89,"Term":"signature","LastUpdated":"2024-03-14T14:07:02.7927999+03:00"},{"Score":0.85,"Term":"references","LastUpdated":"2024-03-14T14:07:02.7928377+03:00"},{"Score":0.84,"Term":"future","LastUpdated":"2024-03-14T14:07:02.7928465+03:00"},{"Score":0.77,"Term":"enacted","LastUpdated":"2024-03-14T14:07:02.7927525+03:00"},{"Score":0.77,"Term":"legislation","LastUpdated":"2024-03-14T14:07:02.7927887+03:00"},{"Score":0.76,"Term":"published","LastUpdated":"2024-03-14T14:07:02.7927727+03:00"},{"Score":0.73,"Term":"purpose","LastUpdated":"2024-03-14T14:07:02.7928736+03:00"},{"Score":0.69,"Term":"file","LastUpdated":"2024-03-14T14:07:02.7928094+03:00"},{"Score":0.68,"Term":"ientiication","LastUpdated":"2024-03-14T14:06:32.7374473+03:00"},{"Score":0.68,"Term":"numper","LastUpdated":"2024-03-14T14:06:32.7374816+03:00"},{"Score":0.67,"Term":"ano","LastUpdated":"2024-03-14T14:06:32.7374658+03:00"},{"Score":0.67,"Term":"uertication","LastUpdated":"2024-03-14T14:06:32.7374682+03:00"},{"Score":0.63,"Term":"wonka","LastUpdated":"2024-03-14T14:06:56.4711911+03:00"},{"Score":0.63,"Term":"willy","LastUpdated":"2024-03-14T14:06:56.4712556+03:00"},{"Score":0.63,"Term":"emmet","LastUpdated":"2024-03-14T14:06:44.3519116+03:00"},{"Score":0.63,"Term":"brown","LastUpdated":"2024-03-14T14:06:44.3519302+03:00"},{"Score":0.62,"Term":"chocolate","LastUpdated":"2024-03-14T14:06:56.4711782+03:00"},{"Score":0.62,"Term":"factory","LastUpdated":"2024-03-14T14:06:56.4712245+03:00"},{"Score":0.62,"Term":"inventions","LastUpdated":"2024-03-14T14:06:44.3519548+03:00"},{"Score":0.61,"Term":"adoption","LastUpdated":"2024-03-14T14:07:02.7928557+03:00"},{"Score":0.53,"Term":"reportable","LastUpdated":"2024-03-14T14:07:02.7927582+03:00"},{"Score":0.52,"Term":"mutual","LastUpdated":"2024-03-14T14:07:02.7927391+03:00"},{"Score":0.52,"Term":"examples","LastUpdated":"2024-03-14T14:07:02.792877+03:00"},{"Score":0.5,"Term":"outaide","LastUpdated":"2024-03-14T14:06:32.7374668+03:00"},{"Score":0.49,"Term":"returns","LastUpdated":"2024-03-14T14:07:02.7927504+03:00"},{"Score":0.49,"Term":"include","LastUpdated":"2024-03-14T14:07:02.7927572+03:00"},{"Score":0.49,"Term":"norwood","LastUpdated":"2024-03-14T14:06:56.4711759+03:00"},{"Score":0.49,"Term":"west","LastUpdated":"2024-03-14T14:06:56.4712063+03:00"},{"Score":0.49,"Term":"riverside","LastUpdated":"2024-03-14T14:06:44.3519234+03:00"},{"Score":0.48,"Term":"avenue","LastUpdated":"2024-03-14T14:06:56.4711332+03:00"},{"Score":0.48,"Term":"itasca","LastUpdated":"2024-03-14T14:06:56.4711514+03:00"},{"Score":0.48,"Term":"hill","LastUpdated":"2024-03-14T14:06:44.3519517+03:00"},{"Score":0.48,"Term":"valey","LastUpdated":"2024-03-14T14:06:44.3519808+03:00"},{"Score":0.47,"Term":"illinois","LastUpdated":"2024-03-14T14:06:56.4711111+03:00"},{"Score":0.46,"Term":"earned","LastUpdated":"2024-03-14T14:07:02.7927855+03:00"},{"Score":0.45,"Term":"cat","LastUpdated":"2024-03-14T14:07:02.7928258+03:00"},{"Score":0.44,"Term":"including","LastUpdated":"2024-03-14T14:07:02.7927942+03:00"},{"Score":0.4,"Term":"stocks","LastUpdated":"2024-03-14T14:07:02.7927348+03:00"},{"Score":0.4,"Term":"types","LastUpdated":"2024-03-14T14:07:02.7927817+03:00"},{"Score":0.4,"Term":"prizes","LastUpdated":"2024-03-14T14:07:02.7928103+03:00"},{"Score":0.4,"Term":"awards","LastUpdated":"2024-03-14T14:07:02.7928585+03:00"},{"Score":0.36,"Term":"fund","LastUpdated":"2024-03-14T14:07:02.7927403+03:00"},{"Score":0.36,"Term":"sales","LastUpdated":"2024-03-14T14:07:02.7927759+03:00"},{"Score":0.36,"Term":"gross","LastUpdated":"2024-03-14T14:07:02.7928762+03:00"},{"Score":0.31,"Term":"retur","LastUpdated":"2024-03-14T14:06:56.4712515+03:00"},{"Score":0.28,"Term":"network","LastUpdated":"2024-03-14T14:07:02.7927247+03:00"},{"Score":0.28,"Term":"party","LastUpdated":"2024-03-14T14:07:02.7928085+03:00"},{"Score":0.28,"Term":"card","LastUpdated":"2024-03-14T14:07:02.7928291+03:00"},{"Score":0.24,"Term":"loan","LastUpdated":"2024-03-14T14:07:02.7928337+03:00"},{"Score":0.22,"Term":"cuilly","LastUpdated":"2024-03-14T14:06:56.4711124+03:00"},{"Score":0.16,"Term":"retum","LastUpdated":"2024-03-14T14:06:44.3519419+03:00"},{"Score":0.08,"Term":"print","LastUpdated":"2024-03-14T14:07:02.7928007+03:00"},{"Score":0.05,"Term":"type","LastUpdated":"2024-03-14T14:07:02.7927663+03:00"},{"Score":0.04,"Term":"specific","LastUpdated":"2024-03-14T14:07:02.7927968+03:00"}]},"RestOfPagesVector":{"VectorId":"NoGroup.NoCategory.W-9Form.RestOfPages","DocumentCount":4,"TermsWithScores":[]},"ParentVectorId":null,"VectorId":"NoGroup.NoCategory.W-9Form","DocumentCount":4,"TermsWithScores":[{"Score":3.89,"Term":"instructions","LastUpdated":"2024-03-14T14:07:02.79313+03:00"},{"Score":3.75,"Term":"identification","LastUpdated":"2024-03-14T14:07:02.7931249+03:00"},{"Score":3.7,"Term":"tax","LastUpdated":"2024-03-14T14:07:02.7931316+03:00"},{"Score":3.7,"Term":"form","LastUpdated":"2024-03-14T14:07:02.7932033+03:00"},{"Score":3.5,"Term":"llc","LastUpdated":"2024-03-14T14:07:02.7932157+03:00"},{"Score":3.44,"Term":"taxpayer","LastUpdated":"2024-03-14T14:07:02.7932558+03:00"},{"Score":3.26,"Term":"check","LastUpdated":"2024-03-14T14:07:02.7931941+03:00"},{"Score":3.26,"Term":"owner","LastUpdated":"2024-03-14T14:07:02.7932521+03:00"},{"Score":3.18,"Term":"irs","LastUpdated":"2024-03-14T14:07:02.7932177+03:00"},{"Score":3.04,"Term":"backup","LastUpdated":"2024-03-14T14:07:02.7932576+03:00"},{"Score":3.02,"Term":"classification","LastUpdated":"2024-03-14T14:07:02.7931538+03:00"},{"Score":3.02,"Term":"withholding","LastUpdated":"2024-03-14T14:07:02.7931963+03:00"},{"Score":3.02,"Term":"box","LastUpdated":"2024-03-14T14:07:02.7932222+03:00"},{"Score":2.98,"Term":"person","LastUpdated":"2024-03-14T14:07:02.7931529+03:00"},{"Score":2.95,"Term":"requester","LastUpdated":"2024-03-14T14:07:02.7932567+03:00"},{"Score":2.94,"Term":"corporation","LastUpdated":"2024-03-14T14:07:02.7931391+03:00"},{"Score":2.93,"Term":"internal","LastUpdated":"2024-03-14T14:07:02.7932076+03:00"},{"Score":2.93,"Term":"revenue","LastUpdated":"2024-03-14T14:07:02.7932084+03:00"},{"Score":2.88,"Term":"certification","LastUpdated":"2024-03-14T14:07:02.7931548+03:00"},{"Score":2.86,"Term":"tin","LastUpdated":"2024-03-14T14:07:02.79321+03:00"},{"Score":2.85,"Term":"required","LastUpdated":"2024-03-14T14:07:02.7931308+03:00"},{"Score":2.81,"Term":"entity","LastUpdated":"2024-03-14T14:07:02.793244+03:00"},{"Score":2.77,"Term":"disregarded","LastUpdated":"2024-03-14T14:07:02.7932287+03:00"},{"Score":2.73,"Term":"service","LastUpdated":"2024-03-14T14:07:02.7931346+03:00"},{"Score":2.69,"Term":"income","LastUpdated":"2024-03-14T14:07:02.7932529+03:00"},{"Score":2.67,"Term":"october","LastUpdated":"2024-03-14T14:07:02.793228+03:00"},{"Score":2.65,"Term":"treasury","LastUpdated":"2024-03-14T14:07:02.7931559+03:00"},{"Score":2.65,"Term":"department","LastUpdated":"2024-03-14T14:07:02.7931692+03:00"},{"Score":2.65,"Term":"enter","LastUpdated":"2024-03-14T14:07:02.7931864+03:00"},{"Score":2.64,"Term":"send","LastUpdated":"2024-03-14T14:07:02.7931636+03:00"},{"Score":2.57,"Term":"code","LastUpdated":"2024-03-14T14:07:02.7931668+03:00"},{"Score":2.57,"Term":"federal","LastUpdated":"2024-03-14T14:07:02.7932306+03:00"},{"Score":2.57,"Term":"entered","LastUpdated":"2024-03-14T14:07:02.7932418+03:00"},{"Score":2.56,"Term":"leave","LastUpdated":"2024-03-14T14:07:02.7932025+03:00"},{"Score":2.53,"Term":"proprietor","LastUpdated":"2024-03-14T14:07:02.7931195+03:00"},{"Score":2.53,"Term":"blank","LastUpdated":"2024-03-14T14:07:02.793193+03:00"},{"Score":2.53,"Term":"business","LastUpdated":"2024-03-14T14:07:02.7932391+03:00"},{"Score":2.49,"Term":"limited","LastUpdated":"2024-03-14T14:07:02.7931919+03:00"},{"Score":2.41,"Term":"boxes","LastUpdated":"2024-03-14T14:07:02.7932169+03:00"},{"Score":2.41,"Term":"note","LastUpdated":"2024-03-14T14:07:02.7932343+03:00"},{"Score":2.4,"Term":"partnership","LastUpdated":"2024-03-14T14:07:02.7932474+03:00"},{"Score":2.36,"Term":"liability","LastUpdated":"2024-03-14T14:07:02.7931783+03:00"},{"Score":2.36,"Term":"company","LastUpdated":"2024-03-14T14:07:02.793262+03:00"},{"Score":2.33,"Term":"exempt","LastUpdated":"2024-03-14T14:07:02.793174+03:00"},{"Score":2.3,"Term":"fatca","LastUpdated":"2024-03-14T14:07:02.793267+03:00"},{"Score":2.26,"Term":"correct","LastUpdated":"2024-03-14T14:07:02.7932214+03:00"},{"Score":2.25,"Term":"classified","LastUpdated":"2024-03-14T14:07:02.793254+03:00"},{"Score":2.22,"Term":"subject","LastUpdated":"2024-03-14T14:07:02.7931382+03:00"},{"Score":2.18,"Term":"apply","LastUpdated":"2024-03-14T14:07:02.7932498+03:00"},{"Score":2.17,"Term":"purposes","LastUpdated":"2024-03-14T14:07:02.7931212+03:00"},{"Score":2.17,"Term":"entities","LastUpdated":"2024-03-14T14:07:02.7931222+03:00"},{"Score":2.17,"Term":"individuals","LastUpdated":"2024-03-14T14:07:02.7932362+03:00"},{"Score":2.13,"Term":"reporting","LastUpdated":"2024-03-14T14:07:02.7931239+03:00"},{"Score":2.09,"Term":"address","LastUpdated":"2024-03-14T14:07:02.7932335+03:00"},{"Score":2.08,"Term":"exemptions","LastUpdated":"2024-03-14T14:07:02.7931185+03:00"},{"Score":2.06,"Term":"social","LastUpdated":"2024-03-14T14:07:02.7931624+03:00"},{"Score":2.06,"Term":"security","LastUpdated":"2024-03-14T14:07:02.7931795+03:00"},{"Score":2.04,"Term":"payee","LastUpdated":"2024-03-14T14:07:02.7932051+03:00"},{"Score":2.04,"Term":"request","LastUpdated":"2024-03-14T14:07:02.7932658+03:00"},{"Score":2.03,"Term":"exemption","LastUpdated":"2024-03-14T14:07:02.7932549+03:00"},{"Score":2.02,"Term":"account","LastUpdated":"2024-03-14T14:07:02.7932272+03:00"},{"Score":2.0,"Term":"accounts","LastUpdated":"2024-03-14T14:07:02.7931475+03:00"},{"Score":2.0,"Term":"maintained","LastUpdated":"2024-03-14T14:07:02.7932016+03:00"},{"Score":1.98,"Term":"employer","LastUpdated":"2024-03-14T14:07:02.7931647+03:00"},{"Score":1.97,"Term":"street","LastUpdated":"2024-03-14T14:07:02.7931258+03:00"},{"Score":1.96,"Term":"apt","LastUpdated":"2024-03-14T14:07:02.7931203+03:00"},{"Score":1.96,"Term":"suite","LastUpdated":"2024-03-14T14:07:02.7931592+03:00"},{"Score":1.93,"Term":"zip","LastUpdated":"2024-03-14T14:07:02.7932257+03:00"},{"Score":1.93,"Term":"city","LastUpdated":"2024-03-14T14:07:02.793238+03:00"},{"Score":1.92,"Term":"list","LastUpdated":"2024-03-14T14:07:02.7932485+03:00"},{"Score":1.86,"Term":"resident","LastUpdated":"2024-03-14T14:07:02.7932264+03:00"},{"Score":1.84,"Term":"match","LastUpdated":"2024-03-14T14:07:02.7932043+03:00"},{"Score":1.81,"Term":"avoid","LastUpdated":"2024-03-14T14:07:02.7932296+03:00"},{"Score":1.75,"Term":"alien","LastUpdated":"2024-03-14T14:07:02.7932092+03:00"},{"Score":1.74,"Term":"sole","LastUpdated":"2024-03-14T14:07:02.7932009+03:00"},{"Score":1.69,"Term":"notified","LastUpdated":"2024-03-14T14:07:02.7931336+03:00"},{"Score":1.62,"Term":"report","LastUpdated":"2024-03-14T14:07:02.7932371+03:00"},{"Score":1.61,"Term":"dividends","LastUpdated":"2024-03-14T14:07:02.7932231+03:00"},{"Score":1.58,"Term":"guidelines","LastUpdated":"2024-03-14T14:07:02.7931898+03:00"},{"Score":1.55,"Term":"return","LastUpdated":"2024-03-14T14:07:02.7931805+03:00"},{"Score":1.55,"Term":"penalties","LastUpdated":"2024-03-14T14:07:02.7931826+03:00"},{"Score":1.53,"Term":"certify","LastUpdated":"2024-03-14T14:07:02.7932+03:00"},{"Score":1.53,"Term":"perjury","LastUpdated":"2024-03-14T14:07:02.7932353+03:00"},{"Score":1.46,"Term":"waiting","LastUpdated":"2024-03-14T14:07:02.7931498+03:00"},{"Score":1.45,"Term":"drive","LastUpdated":"2024-03-14T14:07:02.7931465+03:00"},{"Score":1.45,"Term":"issued","LastUpdated":"2024-03-14T14:07:02.7931508+03:00"},{"Score":1.37,"Term":"wayne","LastUpdated":"2024-03-14T14:07:02.793206+03:00"},{"Score":1.35,"Term":"result","LastUpdated":"2024-03-14T14:07:02.7932408+03:00"},{"Score":1.33,"Term":"failure","LastUpdated":"2024-03-14T14:07:02.7931952+03:00"},{"Score":1.29,"Term":"individual","LastUpdated":"2024-03-14T14:07:02.7931715+03:00"},{"Score":1.29,"Term":"item","LastUpdated":"2024-03-14T14:07:02.7932136+03:00"},{"Score":1.28,"Term":"citizen","LastUpdated":"2024-03-14T14:07:02.7931364+03:00"},{"Score":1.27,"Term":"bruce","LastUpdated":"2024-03-14T14:07:02.793251+03:00"},{"Score":1.25,"Term":"enterprises","LastUpdated":"2024-03-14T14:07:02.7931288+03:00"},{"Score":1.21,"Term":"indicating","LastUpdated":"2024-03-14T14:07:02.7932127+03:00"},{"Score":1.2,"Term":"real","LastUpdated":"2024-03-14T14:07:02.7931703+03:00"},{"Score":1.19,"Term":"estate","LastUpdated":"2024-03-14T14:07:02.7932249+03:00"},{"Score":1.18,"Term":"transactions","LastUpdated":"2024-03-14T14:07:02.7931409+03:00"},{"Score":1.17,"Term":"cross","LastUpdated":"2024-03-14T14:07:02.7931838+03:00"},{"Score":1.17,"Term":"mortgage","LastUpdated":"2024-03-14T14:07:02.7932452+03:00"},{"Score":1.16,"Term":"paid","LastUpdated":"2024-03-14T14:07:02.7931908+03:00"},{"Score":1.15,"Term":"abandonment","LastUpdated":"2024-03-14T14:07:02.7931613+03:00"},{"Score":1.13,"Term":"secured","LastUpdated":"2024-03-14T14:07:02.7931439+03:00"},{"Score":1.12,"Term":"failed","LastUpdated":"2024-03-14T14:07:02.793157+03:00"},{"Score":1.04,"Term":"acquisition","LastUpdated":"2024-03-14T14:07:02.79314+03:00"},{"Score":1.04,"Term":"sign","LastUpdated":"2024-03-14T14:07:02.7932585+03:00"},{"Score":1.03,"Term":"property","LastUpdated":"2024-03-14T14:07:02.793261+03:00"},{"Score":1.02,"Term":"cancellation","LastUpdated":"2024-03-14T14:07:02.7931486+03:00"},{"Score":1.01,"Term":"contributions","LastUpdated":"2024-03-14T14:07:02.7932185+03:00"},{"Score":1.01,"Term":"debt","LastUpdated":"2024-03-14T14:07:02.7932326+03:00"},{"Score":1.0,"Term":"arrangement","LastUpdated":"2024-03-14T14:07:02.793175+03:00"},{"Score":1.0,"Term":"retirement","LastUpdated":"2024-03-14T14:07:02.7932068+03:00"},{"Score":0.97,"Term":"mountain","LastUpdated":"2024-03-14T14:07:02.7931327+03:00"},{"Score":0.97,"Term":"payments","LastUpdated":"2024-03-14T14:07:02.7932461+03:00"},{"Score":0.96,"Term":"gotham","LastUpdated":"2024-03-14T14:07:02.7932108+03:00"},{"Score":0.93,"Term":"developments","LastUpdated":"2024-03-14T14:07:02.7931454+03:00"},{"Score":0.92,"Term":"provide","LastUpdated":"2024-03-14T14:07:02.7931771+03:00"},{"Score":0.89,"Term":"signature","LastUpdated":"2024-03-14T14:07:02.7931875+03:00"},{"Score":0.85,"Term":"references","LastUpdated":"2024-03-14T14:07:02.7932239+03:00"},{"Score":0.84,"Term":"future","LastUpdated":"2024-03-14T14:07:02.7932316+03:00"},{"Score":0.77,"Term":"enacted","LastUpdated":"2024-03-14T14:07:02.7931373+03:00"},{"Score":0.77,"Term":"legislation","LastUpdated":"2024-03-14T14:07:02.7931759+03:00"},{"Score":0.76,"Term":"published","LastUpdated":"2024-03-14T14:07:02.7931581+03:00"},{"Score":0.73,"Term":"purpose","LastUpdated":"2024-03-14T14:07:02.7932599+03:00"},{"Score":0.69,"Term":"file","LastUpdated":"2024-03-14T14:07:02.7931984+03:00"},{"Score":0.68,"Term":"ientiication","LastUpdated":"2024-03-14T14:06:32.7377586+03:00"},{"Score":0.68,"Term":"numper","LastUpdated":"2024-03-14T14:06:32.7377914+03:00"},{"Score":0.67,"Term":"ano","LastUpdated":"2024-03-14T14:06:32.7377755+03:00"},{"Score":0.67,"Term":"uertication","LastUpdated":"2024-03-14T14:06:32.7377781+03:00"},{"Score":0.63,"Term":"wonka","LastUpdated":"2024-03-14T14:06:56.4717504+03:00"},{"Score":0.63,"Term":"willy","LastUpdated":"2024-03-14T14:06:56.4718103+03:00"},{"Score":0.63,"Term":"emmet","LastUpdated":"2024-03-14T14:06:44.3522991+03:00"},{"Score":0.63,"Term":"brown","LastUpdated":"2024-03-14T14:06:44.3523145+03:00"},{"Score":0.62,"Term":"chocolate","LastUpdated":"2024-03-14T14:06:56.4717373+03:00"},{"Score":0.62,"Term":"factory","LastUpdated":"2024-03-14T14:06:56.471784+03:00"},{"Score":0.62,"Term":"inventions","LastUpdated":"2024-03-14T14:06:44.3523385+03:00"},{"Score":0.61,"Term":"adoption","LastUpdated":"2024-03-14T14:07:02.7932399+03:00"},{"Score":0.53,"Term":"reportable","LastUpdated":"2024-03-14T14:07:02.7931428+03:00"},{"Score":0.52,"Term":"mutual","LastUpdated":"2024-03-14T14:07:02.7931268+03:00"},{"Score":0.52,"Term":"examples","LastUpdated":"2024-03-14T14:07:02.7932645+03:00"},{"Score":0.5,"Term":"outaide","LastUpdated":"2024-03-14T14:06:32.7377767+03:00"},{"Score":0.49,"Term":"returns","LastUpdated":"2024-03-14T14:07:02.7931355+03:00"},{"Score":0.49,"Term":"include","LastUpdated":"2024-03-14T14:07:02.7931418+03:00"},{"Score":0.49,"Term":"norwood","LastUpdated":"2024-03-14T14:06:56.4717344+03:00"},{"Score":0.49,"Term":"west","LastUpdated":"2024-03-14T14:06:56.471766+03:00"},{"Score":0.49,"Term":"riverside","LastUpdated":"2024-03-14T14:06:44.3523093+03:00"},{"Score":0.48,"Term":"avenue","LastUpdated":"2024-03-14T14:06:56.4716882+03:00"},{"Score":0.48,"Term":"itasca","LastUpdated":"2024-03-14T14:06:56.4717106+03:00"},{"Score":0.48,"Term":"hill","LastUpdated":"2024-03-14T14:06:44.3523338+03:00"},{"Score":0.48,"Term":"valey","LastUpdated":"2024-03-14T14:06:44.3523673+03:00"},{"Score":0.47,"Term":"illinois","LastUpdated":"2024-03-14T14:06:56.4716579+03:00"},{"Score":0.46,"Term":"earned","LastUpdated":"2024-03-14T14:07:02.7931726+03:00"},{"Score":0.45,"Term":"cat","LastUpdated":"2024-03-14T14:07:02.7932118+03:00"},{"Score":0.44,"Term":"including","LastUpdated":"2024-03-14T14:07:02.7931815+03:00"},{"Score":0.4,"Term":"stocks","LastUpdated":"2024-03-14T14:07:02.793123+03:00"},{"Score":0.4,"Term":"types","LastUpdated":"2024-03-14T14:07:02.7931682+03:00"},{"Score":0.4,"Term":"prizes","LastUpdated":"2024-03-14T14:07:02.7931992+03:00"},{"Score":0.4,"Term":"awards","LastUpdated":"2024-03-14T14:07:02.793243+03:00"},{"Score":0.36,"Term":"fund","LastUpdated":"2024-03-14T14:07:02.7931278+03:00"},{"Score":0.36,"Term":"sales","LastUpdated":"2024-03-14T14:07:02.7931602+03:00"},{"Score":0.36,"Term":"gross","LastUpdated":"2024-03-14T14:07:02.7932628+03:00"},{"Score":0.31,"Term":"retur","LastUpdated":"2024-03-14T14:06:56.4718068+03:00"},{"Score":0.28,"Term":"network","LastUpdated":"2024-03-14T14:07:02.7931172+03:00"},{"Score":0.28,"Term":"party","LastUpdated":"2024-03-14T14:07:02.7931975+03:00"},{"Score":0.28,"Term":"card","LastUpdated":"2024-03-14T14:07:02.7932145+03:00"},{"Score":0.24,"Term":"loan","LastUpdated":"2024-03-14T14:07:02.7932204+03:00"},{"Score":0.22,"Term":"cuilly","LastUpdated":"2024-03-14T14:06:56.4716589+03:00"},{"Score":0.16,"Term":"retum","LastUpdated":"2024-03-14T14:06:44.3523247+03:00"},{"Score":0.08,"Term":"print","LastUpdated":"2024-03-14T14:07:02.7931887+03:00"},{"Score":0.05,"Term":"type","LastUpdated":"2024-03-14T14:07:02.7931517+03:00"},{"Score":0.04,"Term":"specific","LastUpdated":"2024-03-14T14:07:02.7931851+03:00"}]}]
